url,类别,type,start_ms,ttfb_ms,end_ms,实收_bytes,status,failed,首帧前完成,protocol,content-encoding,cache-control
index.html,A 页面+脚本,Document,0,143,144,0,200,,Y,http/1.0,,"no-store, must-revalidate"
fx.js,A 页面+脚本,Script,152,652,651,24652,200,,Y,http/1.0,,"no-store, must-revalidate"
ammo.js,A 页面+脚本,Script,153,655,654,51837,200,,Y,http/1.0,,"no-store, must-revalidate"
crew.js,A 页面+脚本,Script,153,849,848,115539,200,,Y,http/1.0,,"no-store, must-revalidate"
trio.js,A 页面+脚本,Script,153,818,818,104872,200,,Y,http/1.0,,"no-store, must-revalidate"
trio_buddy.js,A 页面+脚本,Script,153,656,654,60062,200,,Y,http/1.0,,"no-store, must-revalidate"
trio_bestie.js,A 页面+脚本,Script,153,747,746,67153,200,,Y,http/1.0,,"no-store, must-revalidate"
rain.js,A 页面+脚本,Script,153,792,791,7011,200,,Y,http/1.0,,"no-store, must-revalidate"
sea.js,A 页面+脚本,Script,154,949,949,51671,200,,Y,http/1.0,,"no-store, must-revalidate"
bubble.js,A 页面+脚本,Script,154,799,799,8932,200,,Y,http/1.0,,"no-store, must-revalidate"
result.js,A 页面+脚本,Script,154,3061,962,15045,200,,Y,http/1.0,,"no-store, must-revalidate"
intro.js,A 页面+脚本,Script,154,947,947,11923,200,,Y,http/1.0,,"no-store, must-revalidate"
bgmotion.js,A 页面+脚本,Script,154,3061,1021,27128,200,,Y,http/1.0,,"no-store, must-revalidate"
main.js,A 页面+脚本,Script,154,3062,1283,217664,200,,Y,http/1.0,,"no-store, must-revalidate"
assets/world/world.json,B 长卷背景 room + world.json,Fetch,3082,3215,4015,370831,200,,Y,http/1.0,,"no-store, must-revalidate"
assets/video/truth_intro_alpha.webm,D 档4出场视频 webm,Media,3089,3224,7081,2653652,200,net::ERR_ABORTED,Y,http/1.0,,"no-store, must-revalidate"
assets/video/baisu_intro_alpha.webm,D 档4出场视频 webm,Media,3090,3226,7127,2719652,200,net::ERR_ABORTED,Y,http/1.0,,"no-store, must-revalidate"
assets/video/change_intro_alpha.webm,D 档4出场视频 webm,Media,3091,3228,5317,785088,200,net::ERR_ABORTED,Y,http/1.0,,"no-store, must-revalidate"
assets/video/sister_intro_alpha.webm,D 档4出场视频 webm,Media,3091,3234,5319,228456,200,net::ERR_ABORTED,Y,http/1.0,,"no-store, must-revalidate"
assets/world/v15/rooms.json,B 长卷背景 room + world.json,Fetch,4018,4161,4161,44,200,,Y,http/1.0,,"no-store, must-revalidate"
assets/world/v15/room0.webp,B 长卷背景 room + world.json,Image,4162,4303,4715,154190,200,,Y,http/1.0,,"no-store, must-revalidate"
assets/world/v15/room1.webp,B 长卷背景 room + world.json,Image,4162,4308,4551,66524,200,,Y,http/1.0,,"no-store, must-revalidate"
assets/world/v15/room2.webp,B 长卷背景 room + world.json,Image,4162,4700,5145,170024,200,,Y,http/1.0,,"no-store, must-revalidate"
assets/world/v15/anim/anim.json,C 背景光效 fx/,Fetch,5146,5285,5286,925,200,,Y,http/1.0,,"no-store, must-revalidate"
assets/world/v15/fx/fx.json,C 背景光效 fx/,Fetch,5146,5291,5302,6405,200,,Y,http/1.0,,"no-store, must-revalidate"
assets/world/v15/fx/fans.png,C 背景光效 fx/,Image,5303,5446,5518,16705,200,,Y,http/1.0,,"no-store, must-revalidate"
assets/world/v15/fx/gpu.png,C 背景光效 fx/,Image,5304,5449,5454,3002,200,,Y,http/1.0,,"no-store, must-revalidate"
assets/world/v15/fx/neon_off.png,C 背景光效 fx/,Image,5304,5459,5475,12919,200,,Y,http/1.0,,"no-store, must-revalidate"
assets/world/v15/fx/screen_off.png,C 背景光效 fx/,Image,5304,5466,5467,1803,200,,Y,http/1.0,,"no-store, must-revalidate"
assets/world/v15/fx/phone_body.png,C 背景光效 fx/,Image,5304,5592,5596,5155,200,,Y,http/1.0,,"no-store, must-revalidate"
assets/world/v15/fx/chat_mask.png,C 背景光效 fx/,Image,5304,5603,5603,918,200,,Y,http/1.0,,"no-store, must-revalidate"
assets/world/v15/fx/scrL_mask.png,C 背景光效 fx/,Image,5304,5620,5621,1561,200,,Y,http/1.0,,"no-store, must-revalidate"
assets/world/v15/fx/scrL_pix.png,C 背景光效 fx/,Image,5304,5654,5745,28350,200,,Y,http/1.0,,"no-store, must-revalidate"
assets/world/v15/fx/scrR_mask.png,C 背景光效 fx/,Image,5304,5731,5733,1509,200,,Y,http/1.0,,"no-store, must-revalidate"
assets/world/v15/fx/scrR_pix.png,C 背景光效 fx/,Image,5304,5740,5819,21848,200,,Y,http/1.0,,"no-store, must-revalidate"
assets/world/v15/fx/flash_girl.png,C 背景光效 fx/,Image,5304,5775,5999,54354,200,,Y,http/1.0,,"no-store, must-revalidate"
assets/world/v15/fx/flash_living.png,C 背景光效 fx/,Image,5304,5871,6039,53948,200,,Y,http/1.0,,"no-store, must-revalidate"
assets/world/v15/fx/flash_boy.png,C 背景光效 fx/,Image,5305,5891,6133,74128,200,,Y,http/1.0,,"no-store, must-revalidate"
assets/world/v15/anim/fish.mp4,C 背景动区视频 mp4,Media,5305,5958,6161,59168,200,,Y,http/1.0,,"no-store, must-revalidate"
assets/world/v15/anim/balcony.mp4,C 背景动区视频 mp4,Media,5306,6147,6484,129588,200,net::ERR_ABORTED,Y,http/1.0,,"no-store, must-revalidate"
assets/world/v15/anim/girl_window.mp4,C 背景动区视频 mp4,Media,5306,6171,6505,129852,200,net::ERR_ABORTED,Y,http/1.0,,"no-store, must-revalidate"
assets/world/v15/anim/photo.mp4,C 背景动区视频 mp4,Media,5307,6276,6539,97072,200,,Y,http/1.0,,"no-store, must-revalidate"
assets/world/v15/anim/cat.mp4,C 背景动区视频 mp4,Media,5307,6309,6411,28832,200,,Y,http/1.0,,"no-store, must-revalidate"
assets/world/v15/anim/boy_window.mp4,C 背景动区视频 mp4,Media,5308,6556,6906,130824,200,net::ERR_ABORTED,Y,http/1.0,,"no-store, must-revalidate"
assets/world/v15/anim/canopy.mp4,C 背景动区视频 mp4,Media,5308,6630,6993,162588,200,net::ERR_ABORTED,Y,http/1.0,,"no-store, must-revalidate"
assets/world/pose_n0.webp,B 主角姿势图 pose_*,Image,6134,6644,6854,57538,200,,Y,http/1.0,,"no-store, must-revalidate"
assets/world/pose_nL1.webp,B 主角姿势图 pose_*,Image,6134,6681,6890,56928,200,,Y,http/1.0,,"no-store, must-revalidate"
assets/world/pose_nL2.webp,B 主角姿势图 pose_*,Image,6135,6995,7206,57980,200,,Y,http/1.0,,"no-store, must-revalidate"
assets/world/pose_nR1.webp,B 主角姿势图 pose_*,Image,6135,7037,7255,59594,200,,Y,http/1.0,,"no-store, must-revalidate"
assets/world/pose_nR2.webp,B 主角姿势图 pose_*,Image,6135,7040,7237,59088,200,,Y,http/1.0,,"no-store, must-revalidate"
assets/world/pose_aK.webp,B 主角姿势图 pose_*,Image,6135,7129,7293,53534,200,,Y,http/1.0,,"no-store, must-revalidate"
assets/world/pose_aF.webp,B 主角姿势图 pose_*,Image,6135,7223,7435,59964,200,,Y,http/1.0,,"no-store, must-revalidate"
assets/world/pose_aL.webp,B 主角姿势图 pose_*,Image,6135,7268,7475,54582,200,,Y,http/1.0,,"no-store, must-revalidate"
assets/world/pose_bK.webp,B 主角姿势图 pose_*,Image,6135,7349,7563,58660,200,,Y,http/1.0,,"no-store, must-revalidate"
assets/world/pose_bF.webp,B 主角姿势图 pose_*,Image,6135,7382,7601,58840,200,,Y,http/1.0,,"no-store, must-revalidate"
assets/world/pose_bL.webp,B 主角姿势图 pose_*,Image,6136,7388,7547,52334,200,,Y,http/1.0,,"no-store, must-revalidate"
assets/world/pose_aK_g1.webp,B 主角姿势图 pose_*,Image,6136,7429,7629,55462,200,,Y,http/1.0,,"no-store, must-revalidate"
assets/world/pose_aK_g2.webp,B 主角姿势图 pose_*,Image,6136,7570,7734,52770,200,,Y,http/1.0,,"no-store, must-revalidate"
assets/world/pose_aK_g3.webp,B 主角姿势图 pose_*,Image,6136,7608,7806,56214,200,,Y,http/1.0,,"no-store, must-revalidate"
assets/world/pose_aK_g4.webp,B 主角姿势图 pose_*,Image,6136,7685,7888,54614,200,,Y,http/1.0,,"no-store, must-revalidate"
assets/world/pose_aK_g5.webp,B 主角姿势图 pose_*,Image,6136,7699,7901,55462,200,,Y,http/1.0,,"no-store, must-revalidate"
assets/world/pose_aK_g6.webp,B 主角姿势图 pose_*,Image,6136,7735,7898,52606,200,,Y,http/1.0,,"no-store, must-revalidate"
assets/world/pose_aK_g7.webp,B 主角姿势图 pose_*,Image,6136,7760,7953,54564,200,,Y,http/1.0,,"no-store, must-revalidate"
assets/world/pose_aF_g1.webp,B 主角姿势图 pose_*,Image,6136,7876,8089,60174,200,,Y,http/1.0,,"no-store, must-revalidate"
assets/world/pose_aF_g2.webp,B 主角姿势图 pose_*,Image,6136,7951,8169,57588,200,,Y,http/1.0,,"no-store, must-revalidate"
assets/world/pose_aF_g3.webp,B 主角姿势图 pose_*,Image,6137,8025,8236,60082,200,,Y,http/1.0,,"no-store, must-revalidate"
assets/world/pose_aF_g4.webp,B 主角姿势图 pose_*,Image,6137,8031,8237,60810,200,,Y,http/1.0,,"no-store, must-revalidate"
assets/world/pose_aF_g5.webp,B 主角姿势图 pose_*,Image,6137,8042,8253,60174,200,,Y,http/1.0,,"no-store, must-revalidate"
assets/world/pose_aF_g6.webp,B 主角姿势图 pose_*,Image,6137,8087,8288,57250,200,,Y,http/1.0,,"no-store, must-revalidate"
assets/world/pose_aF_g7.webp,B 主角姿势图 pose_*,Image,6137,8227,8437,59946,200,,Y,http/1.0,,"no-store, must-revalidate"
assets/world/pose_aL_g1.webp,B 主角姿势图 pose_*,Image,6137,8307,8513,55520,200,,Y,http/1.0,,"no-store, must-revalidate"
assets/world/pose_aL_g2.webp,B 主角姿势图 pose_*,Image,6137,8372,8535,54084,200,,Y,http/1.0,,"no-store, must-revalidate"
assets/world/pose_aL_g3.webp,B 主角姿势图 pose_*,Image,6137,8378,8586,56502,200,,Y,http/1.0,,"no-store, must-revalidate"
assets/world/pose_aL_g4.webp,B 主角姿势图 pose_*,Image,6137,8400,8615,54866,200,,Y,http/1.0,,"no-store, must-revalidate"
assets/world/pose_aL_g5.webp,B 主角姿势图 pose_*,Image,6137,8423,8625,56534,200,,Y,http/1.0,,"no-store, must-revalidate"
assets/world/pose_aL_g6.webp,B 主角姿势图 pose_*,Image,6138,8570,8729,51944,200,,Y,http/1.0,,"no-store, must-revalidate"
assets/world/pose_aL_g7.webp,B 主角姿势图 pose_*,Image,6138,8648,8850,56760,200,,Y,http/1.0,,"no-store, must-revalidate"
assets/world/pose_bK_g1.webp,B 主角姿势图 pose_*,Image,6138,8682,8901,59548,200,,Y,http/1.0,,"no-store, must-revalidate"
assets/world/pose_bK_g2.webp,B 主角姿势图 pose_*,Image,6138,8721,8924,57806,200,,Y,http/1.0,,"no-store, must-revalidate"
assets/world/pose_bK_g3.webp,B 主角姿势图 pose_*,Image,6138,8747,8945,59784,200,,Y,http/1.0,,"no-store, must-revalidate"
assets/world/pose_bK_g4.webp,B 主角姿势图 pose_*,Image,6138,8771,8996,61288,200,,Y,http/1.0,,"no-store, must-revalidate"
assets/world/pose_bK_g5.webp,B 主角姿势图 pose_*,Image,6138,8862,9063,60504,200,,Y,http/1.0,,"no-store, must-revalidate"
assets/world/pose_bK_g6.webp,B 主角姿势图 pose_*,Image,6138,8993,9205,55836,200,,Y,http/1.0,,"no-store, must-revalidate"
assets/world/pose_bK_g7.webp,B 主角姿势图 pose_*,Image,6138,9053,9278,60466,200,,Y,http/1.0,,"no-store, must-revalidate"
assets/world/pose_bF_g1.webp,B 主角姿势图 pose_*,Image,6139,9062,9266,59550,200,,Y,http/1.0,,"no-store, must-revalidate"
assets/world/pose_bF_g2.webp,B 主角姿势图 pose_*,Image,6139,9085,9291,57080,200,,Y,http/1.0,,"no-store, must-revalidate"
assets/world/pose_bF_g3.webp,B 主角姿势图 pose_*,Image,6139,9139,9426,59312,200,,Y,http/1.0,,"no-store, must-revalidate"
assets/world/pose_bF_g4.webp,B 主角姿势图 pose_*,Image,6139,9203,9418,60344,200,,Y,http/1.0,,"no-store, must-revalidate"
assets/world/pose_bF_g5.webp,B 主角姿势图 pose_*,Image,6139,9340,9543,59540,200,,Y,http/1.0,,"no-store, must-revalidate"
assets/world/pose_bF_g6.webp,B 主角姿势图 pose_*,Image,6139,9408,9618,56934,200,,Y,http/1.0,,"no-store, must-revalidate"
assets/world/pose_bF_g7.webp,B 主角姿势图 pose_*,Image,6139,9412,9607,59576,200,,Y,http/1.0,,"no-store, must-revalidate"
assets/world/pose_bL_g1.webp,B 主角姿势图 pose_*,Image,6139,9430,9600,54080,200,,Y,http/1.0,,"no-store, must-revalidate"
assets/world/pose_bL_g2.webp,B 主角姿势图 pose_*,Image,6139,9556,9721,52194,200,,Y,http/1.0,,"no-store, must-revalidate"
assets/world/pose_bL_g3.webp,B 主角姿势图 pose_*,Image,6139,9569,9742,53334,200,,Y,http/1.0,,"no-store, must-revalidate"
assets/world/pose_bL_g4.webp,B 主角姿势图 pose_*,Image,6140,9683,9850,53252,200,,Y,http/1.0,,"no-store, must-revalidate"
assets/world/pose_bL_g5.webp,B 主角姿势图 pose_*,Image,6140,9741,9913,54080,200,,Y,http/1.0,,"no-store, must-revalidate"
assets/world/pose_bL_g6.webp,B 主角姿势图 pose_*,Image,6140,9746,9912,51548,200,,Y,http/1.0,,"no-store, must-revalidate"
assets/world/pose_bL_g7.webp,B 主角姿势图 pose_*,Image,6140,9753,9915,53762,200,,Y,http/1.0,,"no-store, must-revalidate"
assets/world/pose_aK_t1.webp,B 主角姿势图 pose_*,Image,6140,9861,10070,58558,200,,Y,http/1.0,,"no-store, must-revalidate"
assets/world/pose_aK_t2.webp,B 主角姿势图 pose_*,Image,6140,9879,10081,58776,200,,Y,http/1.0,,"no-store, must-revalidate"
assets/world/pose_aK_t3.webp,B 主角姿势图 pose_*,Image,6140,9985,10188,58688,200,,Y,http/1.0,,"no-store, must-revalidate"
assets/world/pose_aK_t4.webp,B 主角姿势图 pose_*,Image,6140,10047,10253,58434,200,,Y,http/1.0,,"no-store, must-revalidate"
assets/world/pose_aK_t5.webp,B 主角姿势图 pose_*,Image,6140,10054,10262,56006,200,,Y,http/1.0,,"no-store, must-revalidate"
assets/world/pose_aK_t6.webp,B 主角姿势图 pose_*,Image,6141,10056,10262,55248,200,,Y,http/1.0,,"no-store, must-revalidate"
assets/world/pose_aF_t1.webp,B 主角姿势图 pose_*,Image,6141,10206,10410,57856,200,,Y,http/1.0,,"no-store, must-revalidate"
assets/world/pose_aF_t2.webp,B 主角姿势图 pose_*,Image,6141,10220,10426,57080,200,,Y,http/1.0,,"no-store, must-revalidate"
assets/world/pose_aF_t3.webp,B 主角姿势图 pose_*,Image,6141,10323,10532,62370,200,,Y,http/1.0,,"no-store, must-revalidate"
assets/world/pose_aF_t4.webp,B 主角姿势图 pose_*,Image,6141,10394,10607,61326,200,,Y,http/1.0,,"no-store, must-revalidate"
assets/world/pose_aF_t5.webp,B 主角姿势图 pose_*,Image,6141,10400,10610,59736,200,,Y,http/1.0,,"no-store, must-revalidate"
assets/world/pose_aL_t1.webp,B 主角姿势图 pose_*,Image,6141,10402,10607,57728,200,,Y,http/1.0,,"no-store, must-revalidate"
assets/world/pose_aL_t2.webp,B 主角姿势图 pose_*,Image,6141,10550,10764,57172,200,,Y,http/1.0,,"no-store, must-revalidate"
assets/world/pose_aL_t3.webp,B 主角姿势图 pose_*,Image,6141,10577,10801,58026,200,,Y,http/1.0,,"no-store, must-revalidate"
assets/world/pose_aL_t4.webp,B 主角姿势图 pose_*,Image,6142,10672,10878,54330,200,,Y,http/1.0,,"no-store, must-revalidate"
assets/world/pose_bK_t1.webp,B 主角姿势图 pose_*,Image,6142,10743,10949,60576,200,,Y,http/1.0,,"no-store, must-revalidate"
assets/world/pose_bK_t2.webp,B 主角姿势图 pose_*,Image,6142,10746,10950,55966,200,,Y,http/1.0,,"no-store, must-revalidate"
assets/world/pose_bK_t3.webp,B 主角姿势图 pose_*,Image,6142,10745,10946,59430,200,,Y,http/1.0,,"no-store, must-revalidate"
assets/world/pose_bK_t4.webp,B 主角姿势图 pose_*,Image,6142,10901,11066,54228,200,,Y,http/1.0,,"no-store, must-revalidate"
assets/world/pose_bF_t1.webp,B 主角姿势图 pose_*,Image,6142,10949,11167,55858,200,,Y,http/1.0,,"no-store, must-revalidate"
assets/world/pose_bF_t2.webp,B 主角姿势图 pose_*,Image,6142,11025,11242,55442,200,,Y,http/1.0,,"no-store, must-revalidate"
assets/world/pose_bF_t3.webp,B 主角姿势图 pose_*,Image,6143,11082,11289,59000,200,,Y,http/1.0,,"no-store, must-revalidate"
assets/world/pose_bF_t4.webp,B 主角姿势图 pose_*,Image,6143,11093,11270,53942,200,,Y,http/1.0,,"no-store, must-revalidate"
assets/world/pose_bF_t5.webp,B 主角姿势图 pose_*,Image,6143,11091,11295,54780,200,,Y,http/1.0,,"no-store, must-revalidate"
assets/world/pose_bL_t1.webp,B 主角姿势图 pose_*,Image,6143,11203,11407,54806,200,,Y,http/1.0,,"no-store, must-revalidate"
assets/world/pose_bL_t2.webp,B 主角姿势图 pose_*,Image,6143,11300,11458,51490,200,,Y,http/1.0,,"no-store, must-revalidate"
assets/world/pose_bL_t3.webp,B 主角姿势图 pose_*,Image,6143,11375,11530,49556,200,,Y,http/1.0,,"no-store, must-revalidate"
assets/world/pose_bL_t4.webp,B 主角姿势图 pose_*,Image,6143,11411,11571,48706,200,,Y,http/1.0,,"no-store, must-revalidate"
assets/ui/av_a.webp,B HUD 头像,Image,11572,11706,11711,8802,200,,Y,http/1.0,,"no-store, must-revalidate"
assets/ui/av_b.webp,B HUD 头像,Image,11572,11708,11714,11002,200,,Y,http/1.0,,"no-store, must-revalidate"
assets/ui/win_a1.webp,D 结算图 win_*,Image,11715,11852,12216,169482,200,,Y,http/1.0,,"no-store, must-revalidate"
assets/ui/win_a2.webp,D 结算图 win_*,Image,11715,11856,12255,188210,200,,Y,http/1.0,,"no-store, must-revalidate"
assets/ui/win_b1.webp,D 结算图 win_*,Image,11715,11858,12261,192498,200,,Y,http/1.0,,"no-store, must-revalidate"
assets/ui/win_b2.webp,D 结算图 win_*,Image,11715,11864,12266,189920,200,,Y,http/1.0,,"no-store, must-revalidate"
assets/items/bouquet_atlas.webp,D 飞行物品/道具图集 items,Image,12271,12405,13365,552838,200,,Y,http/1.0,,"no-store, must-revalidate"
assets/items/milktea_atlas.webp,D 飞行物品/道具图集 items,Image,12272,12409,12793,166396,200,,Y,http/1.0,,"no-store, must-revalidate"
assets/items/ringbox_atlas.webp,D 飞行物品/道具图集 items,Image,12272,12416,13313,436496,200,,Y,http/1.0,,"no-store, must-revalidate"
assets/items/photo_atlas.webp,D 飞行物品/道具图集 items,Image,12272,12421,13318,437584,200,,Y,http/1.0,,"no-store, must-revalidate"
assets/items/hairpin_atlas.webp,D 飞行物品/道具图集 items,Image,12272,12419,12704,88200,200,,Y,http/1.0,,"no-store, must-revalidate"
assets/items/seed_atlas.webp,D 飞行物品/道具图集 items,Image,12272,12423,12686,72596,200,,Y,http/1.0,,"no-store, must-revalidate"
assets/items/banana_atlas.webp,D 飞行物品/道具图集 items,Image,12272,12871,13195,124810,200,,Y,http/1.0,,"no-store, must-revalidate"
assets/items/lipstick_atlas.webp,D 飞行物品/道具图集 items,Image,12272,12871,13228,138884,200,,Y,http/1.0,,"no-store, must-revalidate"
assets/items/pillow_atlas.webp,D 飞行物品/道具图集 items,Image,12272,12928,13331,173258,200,,Y,http/1.0,,"no-store, must-revalidate"
assets/items/gamepad_atlas.webp,D 飞行物品/道具图集 items,Image,12272,13467,13623,125432,200,,Y,http/1.0,,"no-store, must-revalidate"
assets/fx/petal_atlas.webp,D 命中粒子 fx,Image,12273,13467,13446,23490,200,,Y,http/1.0,,"no-store, must-revalidate"
assets/fx/feather_atlas.webp,D 命中粒子 fx,Image,12273,13468,13533,21388,200,,Y,http/1.0,,"no-store, must-revalidate"
assets/fx/debris_atlas.webp,D 命中粒子 fx,Image,12273,13468,13559,23404,200,,Y,http/1.0,,"no-store, must-revalidate"
assets/fx/star_atlas.webp,D 命中粒子 fx,Image,12273,13581,13570,26064,200,,Y,http/1.0,,"no-store, must-revalidate"
assets/fx/heart_atlas.webp,D 命中粒子 fx,Image,12273,13582,13590,24528,200,,Y,http/1.0,,"no-store, must-revalidate"
assets/fx/card_atlas.webp,D 命中粒子 fx,Image,12273,13731,13680,19760,200,,Y,http/1.0,,"no-store, must-revalidate"
assets/fx/pearl_atlas.webp,D 命中粒子 fx,Image,12273,13732,13679,6922,200,,Y,http/1.0,,"no-store, must-revalidate"
assets/trio/B1_surfer.webp,D 档3三人组 60 人,Image,12273,13732,14803,526104,200,,Y,http/1.0,,"no-store, must-revalidate"
assets/trio/B2_zhizunbao.webp,D 档3三人组 60 人,Image,12273,13732,14920,601106,200,,Y,http/1.0,,"no-store, must-revalidate"
assets/trio/B3_beile.webp,D 档3三人组 60 人,Image,12274,13732,14934,621294,200,,Y,http/1.0,,"no-store, must-revalidate"
assets/trio/B4_yagami.webp,D 档3三人组 60 人,Image,12274,13768,14912,550374,200,,Y,http/1.0,,"no-store, must-revalidate"
assets/trio/B21_sakura.webp,D 档3三人组 60 人,Image,12274,13824,14262,159940,200,,Y,http/1.0,,"no-store, must-revalidate"
assets/trio/prop_basketball.webp,D 档3三人组 60 人,Image,12274,13824,14096,79332,200,,Y,http/1.0,,"no-store, must-revalidate"
assets/trio/B27_chef.webp,D 档3三人组 60 人,Image,12274,14242,14729,183336,200,,Y,http/1.0,,"no-store, must-revalidate"
assets/trio/prop_meatball.webp,D 档3三人组 60 人,Image,12274,14397,14601,58246,200,,Y,http/1.0,,"no-store, must-revalidate"
assets/trio/B27_skewer.webp,D 档3三人组 60 人,Image,12274,14741,14744,1776,200,,Y,http/1.0,,"no-store, must-revalidate"
assets/trio/B5_jkd.webp,D 档3三人组 60 人,Image,12274,14867,15348,285274,200,,Y,http/1.0,,"no-store, must-revalidate"
assets/trio/B24_bboy.webp,D 档3三人组 60 人,Image,12274,14893,15266,183808,200,,Y,http/1.0,,"no-store, must-revalidate"
assets/trio/prop_cassette.webp,D 档3三人组 60 人,Image,12274,14943,15151,56314,200,,Y,http/1.0,,"no-store, must-revalidate"
assets/trio/B25_coach.webp,D 档3三人组 60 人,Image,12275,15054,15371,150772,200,,Y,http/1.0,,"no-store, must-revalidate"
assets/trio/prop_dumbbell.webp,D 档3三人组 60 人,Image,12275,15063,15311,82262,200,,Y,http/1.0,,"no-store, must-revalidate"
assets/trio/B30_smart.webp,D 档3三人组 60 人,Image,12275,15077,15437,228140,200,,Y,http/1.0,,"no-store, must-revalidate"
assets/trio/prop_comb.webp,D 档3三人组 60 人,Image,12275,15293,15293,1096,200,,Y,http/1.0,,"no-store, must-revalidate"
assets/trio/B22_goku.webp,D 档3三人组 60 人,Image,12275,15401,15820,201880,200,,Y,http/1.0,,"no-store, must-revalidate"
assets/trio/B11_mask.webp,D 档3三人组 60 人,Image,12275,15423,15765,150438,200,,Y,http/1.0,,"no-store, must-revalidate"
assets/world/trio_prop_rose.webp,D 档4 其他 world/*,Image,12275,15440,15443,6272,200,,Y,http/1.0,,"no-store, must-revalidate"
assets/trio/B23_zoro.webp,D 档3三人组 60 人,Image,12275,15483,15864,177016,200,,Y,http/1.0,,"no-store, must-revalidate"
assets/trio/B26_gamer.webp,D 档3三人组 60 人,Image,12275,15516,15850,129212,200,,Y,http/1.0,,"no-store, must-revalidate"
assets/trio/prop_mouse.webp,D 档3三人组 60 人,Image,12275,15574,15805,73254,200,,Y,http/1.0,,"no-store, must-revalidate"
assets/trio/B6_shanghai.webp,D 档3三人组 60 人,Image,12276,15584,15948,240156,200,,Y,http/1.0,,"no-store, must-revalidate"
assets/trio/prop_coin.webp,D 档3三人组 60 人,Image,12276,15900,16112,65434,200,,Y,http/1.0,,"no-store, must-revalidate"
assets/trio/B7_f4.webp,D 档3三人组 60 人,Image,12276,15950,16411,233614,200,,Y,http/1.0,,"no-store, must-revalidate"
assets/trio/B7_redslip.webp,D 档3三人组 60 人,Image,12276,15958,15959,5012,200,,Y,http/1.0,,"no-store, must-revalidate"
assets/trio/B9_rider.webp,D 档3三人组 60 人,Image,12276,15983,16775,483946,200,,Y,http/1.0,,"no-store, must-revalidate"
assets/trio/prop_takeout.webp,D 档3三人组 60 人,Image,12276,16000,16260,94638,200,,Y,http/1.0,,"no-store, must-revalidate"
assets/trio/B8_logger.webp,D 档3三人组 60 人,Image,12276,16088,16705,339152,200,,Y,http/1.0,,"no-store, must-revalidate"
assets/trio/prop_pinecone.webp,D 档3三人组 60 人,Image,12276,16100,16345,74470,200,,Y,http/1.0,,"no-store, must-revalidate"
assets/trio/B10_mahjong.webp,D 档3三人组 60 人,Image,12276,16256,16778,270940,200,,Y,http/1.0,,"no-store, must-revalidate"
assets/trio/prop_mahjong.webp,D 档3三人组 60 人,Image,12277,16398,16645,81830,200,,Y,http/1.0,,"no-store, must-revalidate"
assets/trio/B13_sword.webp,D 档3三人组 60 人,Image,12277,16482,16811,190634,200,,Y,http/1.0,,"no-store, must-revalidate"
assets/trio/B13_sword_ride.webp,D 档3三人组 60 人,Image,12277,16560,16566,3982,200,,Y,http/1.0,,"no-store, must-revalidate"
assets/trio/B13_sword_fly.webp,D 档3三人组 60 人,Image,12277,16704,16716,7518,200,,Y,http/1.0,,"no-store, must-revalidate"
assets/trio/B14_miner.webp,D 档3三人组 60 人,Image,12277,16781,17077,136350,200,,Y,http/1.0,,"no-store, must-revalidate"
assets/trio/prop_dirtblock.webp,D 档3三人组 60 人,Image,12277,16843,17115,117736,200,,Y,http/1.0,,"no-store, must-revalidate"
assets/trio/B14_wall.webp,D 档3三人组 60 人,Image,12277,16851,16857,12150,200,,Y,http/1.0,,"no-store, must-revalidate"
assets/trio/B15_gojo.webp,D 档3三人组 60 人,Image,12277,16913,17198,126126,200,,Y,http/1.0,,"no-store, must-revalidate"
assets/trio/B15_orb.webp,D 档3三人组 60 人,Image,12277,16913,16928,10848,200,,Y,http/1.0,,"no-store, must-revalidate"
assets/trio/B16_gold.webp,D 档3三人组 60 人,Image,12278,16954,17338,230712,200,,Y,http/1.0,,"no-store, must-revalidate"
assets/trio/B16_ledge.webp,D 档3三人组 60 人,Image,12278,16991,16994,4260,200,,Y,http/1.0,,"no-store, must-revalidate"
assets/trio/B17_wolf.webp,D 档3三人组 60 人,Image,12278,17069,17377,149312,200,,Y,http/1.0,,"no-store, must-revalidate"
assets/trio/B17_net.webp,D 档3三人组 60 人,Image,12278,17128,17200,20292,200,,Y,http/1.0,,"no-store, must-revalidate"
assets/trio/B19_ultra.webp,D 档3三人组 60 人,Image,12278,17219,17515,127260,200,,Y,http/1.0,,"no-store, must-revalidate"
assets/trio/B20_monk.webp,D 档3三人组 60 人,Image,12278,17252,17604,203330,200,,Y,http/1.0,,"no-store, must-revalidate"
assets/trio/B18_tangbohu.webp,D 档3三人组 60 人,Image,12278,17340,17692,223006,200,,Y,http/1.0,,"no-store, must-revalidate"
assets/trio/prop_fan.webp,D 档3三人组 60 人,Image,12278,17342,17581,82658,200,,Y,http/1.0,,"no-store, must-revalidate"
assets/trio/B18_wall.webp,D 档3三人组 60 人,Image,12278,17481,17490,5908,200,,Y,http/1.0,,"no-store, must-revalidate"
assets/trio/B18_fan.webp,D 档3三人组 60 人,Image,12279,17520,17525,8800,200,,Y,http/1.0,,"no-store, must-revalidate"
assets/trio/B28_pig.webp,D 档3三人组 60 人,Image,12279,17635,18011,166240,200,,Y,http/1.0,,"no-store, must-revalidate"
assets/trio/prop_watermelon.webp,D 档3三人组 60 人,Image,12279,17655,17949,108788,200,,Y,http/1.0,,"no-store, must-revalidate"
assets/trio/B29_crutch.webp,D 档3三人组 60 人,Image,12279,17665,18032,196988,200,,Y,http/1.0,,"no-store, must-revalidate"
assets/trio/prop_crutch.webp,D 档3三人组 60 人,Image,12279,17718,18003,107894,200,,Y,http/1.0,,"no-store, must-revalidate"
assets/trio/B12_straw.webp,D 档3三人组 60 人,Image,12279,17748,17958,54796,200,,Y,http/1.0,,"no-store, must-revalidate"
assets/trio/G1_shades.webp,D 档3三人组 60 人,Image,12279,17830,18451,499154,200,,Y,http/1.0,,"no-store, must-revalidate"
assets/trio/G2_bulma.webp,D 档3三人组 60 人,Image,12279,18093,19037,577814,200,,Y,http/1.0,,"no-store, must-revalidate"
assets/trio/G3_sailor.webp,D 档3三人组 60 人,Image,12279,18095,19030,566264,200,,Y,http/1.0,,"no-store, must-revalidate"
assets/trio/G11_gege.webp,D 档3三人组 60 人,Image,12279,18136,18520,161930,200,,Y,http/1.0,,"no-store, must-revalidate"
assets/world/trio_prop_ball.webp,D 档4 其他 world/*,Image,12280,18156,18166,8864,200,,Y,http/1.0,,"no-store, must-revalidate"
assets/trio/G11_tassel.webp,D 档3三人组 60 人,Image,12280,18173,18174,1288,200,,Y,http/1.0,,"no-store, must-revalidate"
assets/trio/G23_furong.webp,D 档3三人组 60 人,Image,12280,18313,18767,203030,200,,Y,http/1.0,,"no-store, must-revalidate"
assets/trio/G21_mai.webp,D 档3三人组 60 人,Image,12280,18317,18800,191818,200,,Y,http/1.0,,"no-store, must-revalidate"
assets/world/trio_prop_bra.webp,D 档4 其他 world/*,Image,12280,18593,18605,7146,200,,Y,http/1.0,,"no-store, must-revalidate"
assets/trio/G22_explorer.webp,D 档3三人组 60 人,Image,12280,18675,19026,135852,200,,Y,http/1.0,,"no-store, must-revalidate"
assets/trio/G22_legs.webp,D 档3三人组 60 人,Image,12280,18744,18753,4358,200,,Y,http/1.0,,"no-store, must-revalidate"
assets/trio/G24_huafei.webp,D 档3三人组 60 人,Image,12280,18898,19334,237668,200,,Y,http/1.0,,"no-store, must-revalidate"
assets/world/trio_g24_nailguard.webp,D 档4 其他 world/*,Image,12281,18913,18918,3926,200,,Y,http/1.0,,"no-store, must-revalidate"
assets/trio/G25_nurse.webp,D 档3三人组 60 人,Image,12281,18932,19324,219660,200,,Y,http/1.0,,"no-store, must-revalidate"
assets/world/trio_g25_syringe.webp,D 档4 其他 world/*,Image,12281,19055,19055,2470,200,,Y,http/1.0,,"no-store, must-revalidate"
assets/trio/prop_syringe.webp,D 档3三人组 60 人,Image,12281,19167,19391,71170,200,,Y,http/1.0,,"no-store, must-revalidate"
assets/trio/G30_snake.webp,D 档3三人组 60 人,Image,12281,19171,19503,177904,200,,Y,http/1.0,,"no-store, must-revalidate"
assets/trio/G26_shinobu.webp,D 档3三人组 60 人,Image,12281,19187,19544,198696,200,,Y,http/1.0,,"no-store, must-revalidate"
assets/trio/prop_butterfly.webp,D 档3三人组 60 人,Image,12281,19202,19437,74290,200,,Y,http/1.0,,"no-store, must-revalidate"
assets/trio/G27_shancai.webp,D 档3三人组 60 人,Image,12281,19466,19798,165190,200,,Y,http/1.0,,"no-store, must-revalidate"
assets/trio/prop_schoolbag.webp,D 档3三人组 60 人,Image,12281,19470,19740,113752,200,,Y,http/1.0,,"no-store, must-revalidate"
assets/trio/G28_aerobics.webp,D 档3三人组 60 人,Image,12282,19534,19902,207528,200,,Y,http/1.0,,"no-store, must-revalidate"
assets/world/trio_g28_hoop.webp,D 档4 其他 world/*,Image,12282,19581,19582,3982,200,,Y,http/1.0,,"no-store, must-revalidate"
assets/trio/prop_hoop.webp,D 档3三人组 60 人,Image,12282,19645,19922,113636,200,,Y,http/1.0,,"no-store, must-revalidate"
assets/trio/G29_huangrong.webp,D 档3三人组 60 人,Image,12282,19682,20015,201388,200,,Y,http/1.0,,"no-store, must-revalidate"
assets/trio/G29_staff.webp,D 档3三人组 60 人,Image,12282,19729,19737,6210,200,,Y,http/1.0,,"no-store, must-revalidate"
assets/trio/G4_chunli.webp,D 档3三人组 60 人,Image,12282,19869,20350,267264,200,,Y,http/1.0,,"no-store, must-revalidate"
assets/trio/G5_tong.webp,D 档3三人组 60 人,Image,12282,19884,20385,265308,200,,Y,http/1.0,,"no-store, must-revalidate"
assets/trio/prop_abacus.webp,D 档3三人组 60 人,Image,12282,19942,20258,118824,200,,Y,http/1.0,,"no-store, must-revalidate"
assets/trio/G5_abacus.webp,D 档3三人组 60 人,Image,12282,20049,20052,6826,200,,Y,http/1.0,,"no-store, must-revalidate"
assets/trio/G6_misae.webp,D 档3三人组 60 人,Image,12283,20065,20424,212336,200,,Y,http/1.0,,"no-store, must-revalidate"
assets/trio/prop_pan.webp,D 档3三人组 60 人,Image,12283,20157,20382,68576,200,,Y,http/1.0,,"no-store, must-revalidate"
assets/trio/G7_yor.webp,D 档3三人组 60 人,Image,12283,20199,20605,276474,200,,Y,http/1.0,,"no-store, must-revalidate"
assets/world/trio_g7_knife.webp,D 档4 其他 world/*,Image,12283,20400,20401,1896,200,,Y,http/1.0,,"no-store, must-revalidate"
assets/trio/G8_elsa.webp,D 档3三人组 60 人,Image,12283,20489,21082,327122,200,,Y,http/1.0,,"no-store, must-revalidate"
assets/world/trio_g8_icicle.webp,D 档4 其他 world/*,Image,12283,20518,20524,8756,200,,Y,http/1.0,,"no-store, must-revalidate"
assets/trio/G8_snowflake.webp,D 档3三人组 60 人,Image,12283,20531,20531,2534,200,,Y,http/1.0,,"no-store, must-revalidate"
assets/trio/G9_auntie.webp,D 档3三人组 60 人,Image,12283,20549,20954,168836,200,,Y,http/1.0,,"no-store, must-revalidate"
assets/trio/G10_harley.webp,D 档3三人组 60 人,Image,12284,20563,21043,234262,200,,Y,http/1.0,,"no-store, must-revalidate"
assets/trio/prop_bat_v2.webp,D 档3三人组 60 人,Image,12284,20669,20947,85426,200,,Y,http/1.0,,"no-store, must-revalidate"
assets/trio/G10_bat.webp,D 档3三人组 60 人,Image,12284,20671,20675,4890,200,,Y,http/1.0,,"no-store, must-revalidate"
assets/trio/G15_rose.webp,D 档3三人组 60 人,Image,12284,20743,21198,368310,200,,Y,http/1.0,,"no-store, must-revalidate"
assets/trio/prop_necklace.webp,D 档3三人组 60 人,Image,12284,20822,21081,92160,200,,Y,http/1.0,,"no-store, must-revalidate"
assets/trio/G18_mu.webp,D 档3三人组 60 人,Image,12284,21086,21462,271646,200,,Y,http/1.0,,"no-store, must-revalidate"
assets/trio/prop_spear.webp,D 档3三人组 60 人,Image,12284,21090,21335,99882,200,,Y,http/1.0,,"no-store, must-revalidate"
assets/trio/G18_ledge.webp,D 档3三人组 60 人,Image,12284,21184,21189,6094,200,,Y,http/1.0,,"no-store, must-revalidate"
assets/trio/G18_flags.webp,D 档3三人组 60 人,Image,12284,21218,21284,14458,200,,Y,http/1.0,,"no-store, must-revalidate"
assets/trio/G18_feathers.webp,D 档3三人组 60 人,Image,12285,21219,21229,7978,200,,Y,http/1.0,,"no-store, must-revalidate"
assets/trio/G13_xiaolongnv.webp,D 档3三人组 60 人,Image,12285,21335,21673,177512,200,,Y,http/1.0,,"no-store, must-revalidate"
assets/trio/G13_peg.webp,D 档3三人组 60 人,Image,12285,21332,21333,1394,200,,Y,http/1.0,,"no-store, must-revalidate"
assets/trio/G14_shera.webp,D 档3三人组 60 人,Image,12285,21367,21648,127056,200,,Y,http/1.0,,"no-store, must-revalidate"
assets/trio/G14_ledge.webp,D 档3三人组 60 人,Image,12285,21420,21425,4974,200,,Y,http/1.0,,"no-store, must-revalidate"
assets/trio/G16_daji.webp,D 档3三人组 60 人,Image,12285,21469,21932,311510,200,,Y,http/1.0,,"no-store, must-revalidate"
assets/world/trio_g16_foxfire.webp,D 档4 其他 world/*,Image,12285,21480,21552,15960,200,,Y,http/1.0,,"no-store, must-revalidate"
assets/trio/G20_teresa.webp,D 档3三人组 60 人,Image,12285,21574,21946,191030,200,,Y,http/1.0,,"no-store, must-revalidate"
assets/world/trio_g20_crescent.webp,D 档4 其他 world/*,Image,12286,21596,21613,13626,200,,Y,http/1.0,,"no-store, must-revalidate"
assets/trio/G20_moon.webp,D 档3三人组 60 人,Image,12286,21686,21694,11966,200,,Y,http/1.0,,"no-store, must-revalidate"
assets/trio/G19_streamer.webp,D 档3三人组 60 人,Image,12286,21756,22127,202886,200,,Y,http/1.0,,"no-store, must-revalidate"
assets/trio/prop_rocket.webp,D 档3三人组 60 人,Image,12286,21793,22037,82902,200,,Y,http/1.0,,"no-store, must-revalidate"
assets/trio/G19_drone.webp,D 档3三人组 60 人,Image,12286,21812,21881,14926,200,,Y,http/1.0,,"no-store, must-revalidate"
assets/trio/G17_mitsuri.webp,D 档3三人组 60 人,Image,12286,21835,22151,166824,200,,Y,http/1.0,,"no-store, must-revalidate"
assets/trio/G12_fairy.webp,D 档3三人组 60 人,Image,12286,22020,22281,107276,200,,Y,http/1.0,,"no-store, must-revalidate"
assets/world/baisu1_up.webp,D 档4 其他 world/*,Image,12286,22067,22362,152016,200,,Y,http/1.0,,"no-store, must-revalidate"
assets/world/truth2_up.webp,D 档4 其他 world/*,Image,12287,22085,22299,63666,200,,Y,http/1.0,,"no-store, must-revalidate"
assets/world/change1_up.webp,D 档4 其他 world/*,Image,12287,22174,22455,133222,200,,Y,http/1.0,,"no-store, must-revalidate"
assets/world/fahai1_up.webp,D 档4 其他 world/*,Image,12287,22263,22529,107920,200,,Y,http/1.0,,"no-store, must-revalidate"
assets/world/demon1_up.webp,D 档4 其他 world/*,Image,12287,22286,22489,64924,200,,Y,http/1.0,,"no-store, must-revalidate"
assets/world/houyi2_arm.webp,D 档4 其他 world/*,Image,12287,22423,22433,10144,200,,Y,http/1.0,,"no-store, must-revalidate"
assets/world/houyi2_up.webp,D 档4 其他 world/*,Image,12287,22432,22745,170230,200,,Y,http/1.0,,"no-store, must-revalidate"
assets/world/sister1_up.webp,D 档4 其他 world/*,Image,12287,22508,22753,82690,200,,Y,http/1.0,,"no-store, must-revalidate"
assets/items/durian_atlas.webp,D 飞行物品/道具图集 items,Image,12287,22567,23172,478906,200,,Y,http/1.0,,"no-store, must-revalidate"
assets/items/heel_atlas.webp,D 飞行物品/道具图集 items,Image,12287,22595,23005,180468,200,,Y,http/1.0,,"no-store, must-revalidate"
assets/items/heel_pink_atlas.webp,D 飞行物品/道具图集 items,Image,12288,22624,23019,173204,200,,Y,http/1.0,,"no-store, must-revalidate"
assets/items/heel_black_atlas.webp,D 飞行物品/道具图集 items,Image,12288,22670,23061,160966,200,,Y,http/1.0,,"no-store, must-revalidate"
assets/world/sea2_far.webp,D 档4 其他 world/*,Image,12288,22888,23051,49850,200,,Y,http/1.0,,"no-store, must-revalidate"
assets/world/sea2_mid.webp,D 档4 其他 world/*,Image,12288,22890,23106,71652,200,,Y,http/1.0,,"no-store, must-revalidate"
assets/world/sea2_near.webp,D 档4 其他 world/*,Image,12288,23144,23414,117142,200,,Y,http/1.0,,"no-store, must-revalidate"
assets/world/sea_shrimp1.webp,D 档4 其他 world/*,Image,12288,23156,23222,14460,200,,Y,http/1.0,,"no-store, must-revalidate"
assets/world/sea_shrimp2.webp,D 档4 其他 world/*,Image,12288,23185,23249,14266,200,,Y,http/1.0,,"no-store, must-revalidate"
assets/world/sea_crab1.webp,D 档4 其他 world/*,Image,12288,23206,23211,10408,200,,Y,http/1.0,,"no-store, must-revalidate"
assets/world/sea_crab2.webp,D 档4 其他 world/*,Image,12289,23241,23246,11868,200,,Y,http/1.0,,"no-store, must-revalidate"
assets/world/tide_truth_far.webp,D 档4 其他 world/*,Image,12289,23308,23448,40792,200,,Y,http/1.0,,"no-store, must-revalidate"
assets/world/tide_truth_mid.webp,D 档4 其他 world/*,Image,12289,23351,23577,72222,200,,Y,http/1.0,,"no-store, must-revalidate"
assets/world/tide_truth_near.webp,D 档4 其他 world/*,Image,12289,23370,23635,94404,200,,Y,http/1.0,,"no-store, must-revalidate"
assets/world/tide_truth_magnifier.webp,D 档4 其他 world/*,Image,12289,23382,23447,14616,200,,Y,http/1.0,,"no-store, must-revalidate"
assets/world/tide_truth_phone.webp,D 档4 其他 world/*,Image,12289,23388,23457,15152,200,,Y,http/1.0,,"no-store, must-revalidate"
assets/world/tide_truth_bubble.webp,D 档4 其他 world/*,Image,12289,23553,23621,14106,200,,Y,http/1.0,,"no-store, must-revalidate"
assets/world/tide_truth_camera.webp,D 档4 其他 world/*,Image,12289,23591,23650,15148,200,,Y,http/1.0,,"no-store, must-revalidate"
assets/world/moonsky_galaxy.webp,D 档4 其他 world/*,Image,12289,23592,23977,294578,200,,Y,http/1.0,,"no-store, must-revalidate"
assets/world/moonsky_moon.webp,D 档4 其他 world/*,Image,12289,23598,23676,19424,200,,Y,http/1.0,,"no-store, must-revalidate"
assets/world/moonsky_rabbit1.webp,D 档4 其他 world/*,Image,12290,23724,23728,10180,200,,Y,http/1.0,,"no-store, must-revalidate"
assets/world/moonsky_rabbit2.webp,D 档4 其他 world/*,Image,12290,23760,23763,10214,200,,Y,http/1.0,,"no-store, must-revalidate"
assets/world/moonsky_rabbit3.webp,D 档4 其他 world/*,Image,12290,23777,23779,9342,200,,Y,http/1.0,,"no-store, must-revalidate"
assets/world/moonsky_rabbit4.webp,D 档4 其他 world/*,Image,12290,23803,23809,11140,200,,Y,http/1.0,,"no-store, must-revalidate"
assets/world/scroll_far.webp,D 档4 其他 world/*,Image,12290,23811,23888,21736,200,,Y,http/1.0,,"no-store, must-revalidate"
assets/world/scroll_mid.webp,D 档4 其他 world/*,Image,12290,23865,23961,32166,200,,Y,http/1.0,,"no-store, must-revalidate"
assets/world/scroll_near.webp,D 档4 其他 world/*,Image,12290,23904,24048,38996,200,,Y,http/1.0,,"no-store, must-revalidate"
assets/world/scroll_deep1.webp,D 档4 其他 world/*,Image,12290,23915,24054,39474,200,,Y,http/1.0,,"no-store, must-revalidate"
assets/world/scroll_deep2.webp,D 档4 其他 world/*,Image,12290,23944,24093,46000,200,,Y,http/1.0,,"no-store, must-revalidate"
assets/world/scroll_monk.webp,D 档4 其他 world/*,Image,12290,24020,24085,14810,200,,Y,http/1.0,,"no-store, must-revalidate"
assets/world/scroll_qilin.webp,D 档4 其他 world/*,Image,12291,24112,24188,16486,200,,Y,http/1.0,,"no-store, must-revalidate"
assets/world/scroll_lion.webp,D 档4 其他 world/*,Image,12291,24114,24185,18936,200,,Y,http/1.0,,"no-store, must-revalidate"
assets/world/scroll_elephant.webp,D 档4 其他 world/*,Image,12291,24184,24250,17054,200,,Y,http/1.0,,"no-store, must-revalidate"
assets/world/tide_demon_far.webp,D 档4 其他 world/*,Image,12291,24182,24273,32194,200,,Y,http/1.0,,"no-store, must-revalidate"
assets/world/tide_demon_mid.webp,D 档4 其他 world/*,Image,12291,24224,24432,55420,200,,Y,http/1.0,,"no-store, must-revalidate"
assets/world/tide_demon_near.webp,D 档4 其他 world/*,Image,12291,24233,24458,70644,200,,Y,http/1.0,,"no-store, must-revalidate"
assets/world/tide_demon_imp.webp,D 档4 其他 world/*,Image,12291,24326,24396,17072,200,,Y,http/1.0,,"no-store, must-revalidate"
assets/world/tide_demon_bin.webp,D 档4 其他 world/*,Image,12291,24330,24400,14958,200,,Y,http/1.0,,"no-store, must-revalidate"
assets/world/tide_demon_shredder.webp,D 档4 其他 world/*,Image,12291,24400,24478,16096,200,,Y,http/1.0,,"no-store, must-revalidate"
assets/world/tide_demon_eraser.webp,D 档4 其他 world/*,Image,12292,24410,24477,14972,200,,Y,http/1.0,,"no-store, must-revalidate"
assets/world/sunsky_fire.webp,D 档4 其他 world/*,Image,12292,24531,24882,234214,200,,Y,http/1.0,,"no-store, must-revalidate"
assets/world/sunsky_sun.webp,D 档4 其他 world/*,Image,12292,24542,24781,83080,200,,Y,http/1.0,,"no-store, must-revalidate"
assets/world/tide_sun_crow1.webp,D 档4 其他 world/*,Image,12292,24581,24656,15338,200,,Y,http/1.0,,"no-store, must-revalidate"
assets/world/tide_sun_crow2.webp,D 档4 其他 world/*,Image,12292,24591,24655,13870,200,,Y,http/1.0,,"no-store, must-revalidate"
assets/world/tide_sun_crow3.webp,D 档4 其他 world/*,Image,12292,24611,24705,33118,200,,Y,http/1.0,,"no-store, must-revalidate"
assets/world/tide_sun_crow4.webp,D 档4 其他 world/*,Image,12292,24612,24678,15994,200,,Y,http/1.0,,"no-store, must-revalidate"
assets/world/tide_tea_far.webp,D 档4 其他 world/*,Image,12292,24791,24939,45048,200,,Y,http/1.0,,"no-store, must-revalidate"
assets/world/tide_tea_mid.webp,D 档4 其他 world/*,Image,12292,24796,25020,69926,200,,Y,http/1.0,,"no-store, must-revalidate"
assets/world/tide_tea_near.webp,D 档4 其他 world/*,Image,12293,24821,25071,91664,200,,Y,http/1.0,,"no-store, must-revalidate"
assets/world/tide_tea_lotus.webp,D 档4 其他 world/*,Image,12293,24842,24851,12212,200,,Y,http/1.0,,"no-store, must-revalidate"
assets/world/tide_tea_cup.webp,D 档4 其他 world/*,Image,12293,24915,24920,11456,200,,Y,http/1.0,,"no-store, must-revalidate"
assets/world/tide_tea_bunny.webp,D 档4 其他 world/*,Image,12293,24991,24996,11642,200,,Y,http/1.0,,"no-store, must-revalidate"
assets/world/tide_tea_heart.webp,D 档4 其他 world/*,Image,12293,25036,25029,11764,200,,Y,http/1.0,,"no-store, must-revalidate"
assets/fx/jet.webp,D 命中粒子 fx,Image,12293,25069,25522,254934,200,,Y,http/1.0,,"no-store, must-revalidate"
assets/items/football_atlas.webp,D 飞行物品/道具图集 items,Image,12293,25089,25556,308172,200,,Y,http/1.0,,"no-store, must-revalidate"
assets/items/sock_atlas.webp,D 飞行物品/道具图集 items,Image,12293,25138,25518,197014,200,,Y,http/1.0,,"no-store, must-revalidate"
assets/world/v15/anim/fish.mp4,C 背景动区视频 mp4,Media,25681,25831,26017,59168,200,,,http/1.0,,"no-store, must-revalidate"
assets/world/v15/anim/balcony.mp4,C 背景动区视频 mp4,Media,25681,25831,26183,240744,200,,,http/1.0,,"no-store, must-revalidate"
