url,类别,type,start_ms,ttfb_ms,end_ms,实收_bytes,status,failed,首帧前完成,protocol,content-encoding,cache-control,from_cache
index.html,A 页面+脚本,Document,0,69,69,0,200,,Y,http/1.1,gzip,no-cache,
fx.js,A 页面+脚本,Script,118,189,188,0,304,,Y,http/1.1,,no-cache,
ammo.js,A 页面+脚本,Script,118,196,196,0,304,,Y,http/1.1,,no-cache,
crew.js,A 页面+脚本,Script,118,199,199,0,304,,Y,http/1.1,,no-cache,
trio.js,A 页面+脚本,Script,118,193,192,0,304,,Y,http/1.1,,no-cache,
trio_buddy.js,A 页面+脚本,Script,118,256,255,0,304,,Y,http/1.1,,no-cache,
trio_bestie.js,A 页面+脚本,Script,119,262,262,0,304,,Y,http/1.1,,no-cache,
rain.js,A 页面+脚本,Script,119,265,264,0,304,,Y,http/1.1,,no-cache,
sea.js,A 页面+脚本,Script,119,262,261,0,304,,Y,http/1.1,,no-cache,
bubble.js,A 页面+脚本,Script,119,269,269,0,304,,Y,http/1.1,,no-cache,
result.js,A 页面+脚本,Script,119,275,275,0,304,,Y,http/1.1,,no-cache,
intro.js,A 页面+脚本,Script,119,322,322,0,304,,Y,http/1.1,,no-cache,
bgmotion.js,A 页面+脚本,Script,120,332,332,0,304,,Y,http/1.1,,no-cache,
preload.js,A 页面+脚本,Script,120,334,333,0,304,,Y,http/1.1,,no-cache,
main.js,A 页面+脚本,Script,120,336,335,0,304,,Y,http/1.1,,no-cache,
assets/world/pose_n0.webp,B 主角姿势图 pose_*,Image,340,412,412,0,304,,Y,http/1.1,,no-cache,
assets/world/pose_nL1.webp,B 主角姿势图 pose_*,Image,340,414,413,0,304,,Y,http/1.1,,no-cache,
assets/world/pose_nL2.webp,B 主角姿势图 pose_*,Image,341,412,411,0,304,,Y,http/1.1,,no-cache,
assets/world/pose_nR1.webp,B 主角姿势图 pose_*,Image,341,410,410,0,304,,Y,http/1.1,,no-cache,
assets/world/pose_nR2.webp,B 主角姿势图 pose_*,Image,341,419,419,0,304,,Y,http/1.1,,no-cache,
assets/ui/av_a.webp,B HUD 头像,Image,341,416,416,0,304,,Y,http/1.1,,no-cache,
assets/ui/av_b.webp,B HUD 头像,Image,342,485,484,0,304,,Y,http/1.1,,no-cache,
assets/world/v15/rooms.json,B 长卷背景 room + world.json,Fetch,342,477,477,0,200,,Y,http/1.1,gzip,no-cache,
assets/world/world.json,B 长卷背景 room + world.json,Fetch,342,483,485,0,200,,Y,http/1.1,gzip,no-cache,
assets/world/v15/room0.webp,B 长卷背景 room + world.json,Image,488,561,561,0,304,,Y,http/1.1,,no-cache,
assets/world/v15/room1.webp,B 长卷背景 room + world.json,Image,489,560,560,0,304,,Y,http/1.1,,no-cache,
assets/world/v15/room2.webp,B 长卷背景 room + world.json,Image,489,557,557,0,304,,Y,http/1.1,,no-cache,
assets/world/pose_aK.webp,B 主角姿势图 pose_*,Image,582,676,655,0,304,,,http/1.1,,no-cache,
assets/world/pose_aF.webp,B 主角姿势图 pose_*,Image,583,676,654,0,304,,,http/1.1,,no-cache,
assets/world/pose_aL.webp,B 主角姿势图 pose_*,Image,583,675,652,0,304,,,http/1.1,,no-cache,
assets/world/pose_bK.webp,B 主角姿势图 pose_*,Image,583,676,661,0,304,,,http/1.1,,no-cache,
assets/world/pose_bF.webp,B 主角姿势图 pose_*,Image,690,776,768,0,304,,,http/1.1,,no-cache,
assets/world/pose_bL.webp,B 主角姿势图 pose_*,Image,690,763,763,0,304,,,http/1.1,,no-cache,
assets/world/pose_aK_t1.webp,B 主角姿势图 pose_*,Image,690,762,762,0,304,,,http/1.1,,no-cache,
assets/world/pose_aK_t2.webp,B 主角姿势图 pose_*,Image,690,759,759,0,304,,,http/1.1,,no-cache,
assets/world/pose_aK_t3.webp,B 主角姿势图 pose_*,Image,760,828,827,0,304,,,http/1.1,,no-cache,
assets/world/pose_aK_t4.webp,B 主角姿势图 pose_*,Image,762,842,836,0,304,,,http/1.1,,no-cache,
assets/world/pose_aK_t5.webp,B 主角姿势图 pose_*,Image,763,842,834,0,304,,,http/1.1,,no-cache,
assets/world/pose_aK_t6.webp,B 主角姿势图 pose_*,Image,776,859,855,0,304,,,http/1.1,,no-cache,
assets/world/pose_aF_t1.webp,B 主角姿势图 pose_*,Image,828,897,896,0,304,,,http/1.1,,no-cache,
assets/world/pose_aF_t2.webp,B 主角姿势图 pose_*,Image,843,925,916,0,304,,,http/1.1,,no-cache,
assets/world/pose_aF_t3.webp,B 主角姿势图 pose_*,Image,843,925,915,0,304,,,http/1.1,,no-cache,
assets/world/pose_aF_t4.webp,B 主角姿势图 pose_*,Image,859,942,938,0,304,,,http/1.1,,no-cache,
assets/world/pose_aF_t5.webp,B 主角姿势图 pose_*,Image,909,978,977,0,304,,,http/1.1,,no-cache,
assets/world/pose_aL_t1.webp,B 主角姿势图 pose_*,Image,925,1009,999,0,304,,,http/1.1,,no-cache,
assets/world/pose_aL_t2.webp,B 主角姿势图 pose_*,Image,926,1008,997,0,304,,,http/1.1,,no-cache,
assets/world/pose_aL_t3.webp,B 主角姿势图 pose_*,Image,943,1025,1022,0,304,,,http/1.1,,no-cache,
assets/world/pose_aL_t4.webp,B 主角姿势图 pose_*,Image,978,1046,1046,0,304,,,http/1.1,,no-cache,
assets/world/pose_bK_t1.webp,B 主角姿势图 pose_*,Image,1009,1092,1082,0,304,,,http/1.1,,no-cache,
assets/world/pose_bK_t2.webp,B 主角姿势图 pose_*,Image,1010,1092,1081,0,304,,,http/1.1,,no-cache,
assets/world/pose_bK_t3.webp,B 主角姿势图 pose_*,Image,1026,1109,1104,0,304,,,http/1.1,,no-cache,
assets/world/pose_bK_t4.webp,B 主角姿势图 pose_*,Image,1047,1125,1114,0,304,,,http/1.1,,no-cache,
assets/world/pose_bF_t1.webp,B 主角姿势图 pose_*,Image,1093,1167,1167,0,304,,,http/1.1,,no-cache,
assets/world/pose_bF_t2.webp,B 主角姿势图 pose_*,Image,1093,1165,1165,0,304,,,http/1.1,,no-cache,
assets/world/pose_bF_t3.webp,B 主角姿势图 pose_*,Image,1110,1190,1189,0,304,,,http/1.1,,no-cache,
assets/world/pose_bF_t4.webp,B 主角姿势图 pose_*,Image,1126,1194,1194,0,304,,,http/1.1,,no-cache,
assets/world/pose_bF_t5.webp,B 主角姿势图 pose_*,Image,1166,1239,1239,0,304,,,http/1.1,,no-cache,
assets/world/pose_bL_t1.webp,B 主角姿势图 pose_*,Image,1167,1238,1237,0,304,,,http/1.1,,no-cache,
assets/world/pose_bL_t2.webp,B 主角姿势图 pose_*,Image,1190,1268,1268,0,304,,,http/1.1,,no-cache,
assets/world/pose_bL_t3.webp,B 主角姿势图 pose_*,Image,1194,1264,1263,0,304,,,http/1.1,,no-cache,
assets/world/pose_bL_t4.webp,B 主角姿势图 pose_*,Image,1238,1311,1311,0,304,,,http/1.1,,no-cache,
assets/world/pose_aK_g1.webp,B 主角姿势图 pose_*,Image,1239,1310,1310,0,304,,,http/1.1,,no-cache,
assets/world/pose_aK_g2.webp,B 主角姿势图 pose_*,Image,1264,1332,1332,0,304,,,http/1.1,,no-cache,
assets/world/pose_aK_g3.webp,B 主角姿势图 pose_*,Image,1268,1345,1345,0,304,,,http/1.1,,no-cache,
assets/world/pose_aK_g4.webp,B 主角姿势图 pose_*,Image,1311,1383,1382,0,304,,,http/1.1,,no-cache,
assets/world/pose_aK_g5.webp,B 主角姿势图 pose_*,Image,1312,1381,1381,0,304,,,http/1.1,,no-cache,
assets/world/pose_aK_g6.webp,B 主角姿势图 pose_*,Image,1333,1400,1400,0,304,,,http/1.1,,no-cache,
assets/world/pose_aK_g7.webp,B 主角姿势图 pose_*,Image,1346,1422,1422,0,304,,,http/1.1,,no-cache,
assets/world/pose_aF_g1.webp,B 主角姿势图 pose_*,Image,1382,1454,1454,0,304,,,http/1.1,,no-cache,
assets/world/pose_aF_g2.webp,B 主角姿势图 pose_*,Image,1383,1455,1455,0,304,,,http/1.1,,no-cache,
assets/world/pose_aF_g3.webp,B 主角姿势图 pose_*,Image,1400,1468,1467,0,304,,,http/1.1,,no-cache,
assets/world/pose_aF_g4.webp,B 主角姿势图 pose_*,Image,1423,1500,1500,0,304,,,http/1.1,,no-cache,
assets/world/pose_aF_g5.webp,B 主角姿势图 pose_*,Image,1454,1525,1525,0,304,,,http/1.1,,no-cache,
assets/world/pose_aF_g6.webp,B 主角姿势图 pose_*,Image,1456,1528,1528,0,304,,,http/1.1,,no-cache,
assets/world/pose_aF_g7.webp,B 主角姿势图 pose_*,Image,1468,1536,1536,0,304,,,http/1.1,,no-cache,
assets/world/pose_aL_g1.webp,B 主角姿势图 pose_*,Image,1501,1577,1577,0,304,,,http/1.1,,no-cache,
assets/world/pose_aL_g2.webp,B 主角姿势图 pose_*,Image,1525,1597,1596,0,304,,,http/1.1,,no-cache,
assets/world/pose_aL_g3.webp,B 主角姿势图 pose_*,Image,1528,1600,1600,0,304,,,http/1.1,,no-cache,
assets/world/pose_aL_g4.webp,B 主角姿势图 pose_*,Image,1536,1604,1604,0,304,,,http/1.1,,no-cache,
assets/world/pose_aL_g5.webp,B 主角姿势图 pose_*,Image,1578,1655,1655,0,304,,,http/1.1,,no-cache,
assets/world/pose_aL_g6.webp,B 主角姿势图 pose_*,Image,1597,1671,1671,0,304,,,http/1.1,,no-cache,
assets/world/pose_aL_g7.webp,B 主角姿势图 pose_*,Image,1600,1673,1673,0,304,,,http/1.1,,no-cache,
assets/world/pose_bK_g1.webp,B 主角姿势图 pose_*,Image,1604,1673,1673,0,304,,,http/1.1,,no-cache,
assets/world/pose_bK_g2.webp,B 主角姿势图 pose_*,Image,1655,1733,1733,0,304,,,http/1.1,,no-cache,
assets/world/pose_bK_g3.webp,B 主角姿势图 pose_*,Image,1672,1746,1745,0,304,,,http/1.1,,no-cache,
assets/world/pose_bK_g4.webp,B 主角姿势图 pose_*,Image,1673,1740,1740,0,304,,,http/1.1,,no-cache,
assets/world/pose_bK_g5.webp,B 主角姿势图 pose_*,Image,1674,1745,1745,0,304,,,http/1.1,,no-cache,
assets/world/pose_bK_g6.webp,B 主角姿势图 pose_*,Image,1734,1810,1810,0,304,,,http/1.1,,no-cache,
assets/world/pose_bK_g7.webp,B 主角姿势图 pose_*,Image,1740,1808,1808,0,304,,,http/1.1,,no-cache,
assets/world/pose_bF_g1.webp,B 主角姿势图 pose_*,Image,1745,1818,1818,0,304,,,http/1.1,,no-cache,
assets/world/pose_bF_g2.webp,B 主角姿势图 pose_*,Image,1746,1817,1817,0,304,,,http/1.1,,no-cache,
assets/world/pose_bF_g3.webp,B 主角姿势图 pose_*,Image,1809,1888,1888,0,304,,,http/1.1,,no-cache,
assets/world/pose_bF_g4.webp,B 主角姿势图 pose_*,Image,1811,1878,1878,0,304,,,http/1.1,,no-cache,
assets/world/pose_bF_g5.webp,B 主角姿势图 pose_*,Image,1817,1890,1890,0,304,,,http/1.1,,no-cache,
assets/world/pose_bF_g6.webp,B 主角姿势图 pose_*,Image,1819,1889,1889,0,304,,,http/1.1,,no-cache,
assets/world/pose_bF_g7.webp,B 主角姿势图 pose_*,Image,1878,1946,1946,0,304,,,http/1.1,,no-cache,
assets/world/pose_bL_g1.webp,B 主角姿势图 pose_*,Image,1888,1960,1959,0,304,,,http/1.1,,no-cache,
assets/world/pose_bL_g2.webp,B 主角姿势图 pose_*,Image,1889,1961,1961,0,304,,,http/1.1,,no-cache,
assets/world/pose_bL_g3.webp,B 主角姿势图 pose_*,Image,1891,1968,1968,0,304,,,http/1.1,,no-cache,
assets/world/pose_bL_g4.webp,B 主角姿势图 pose_*,Image,1946,2014,2014,0,304,,,http/1.1,,no-cache,
assets/world/pose_bL_g5.webp,B 主角姿势图 pose_*,Image,1960,2032,2032,0,304,,,http/1.1,,no-cache,
assets/world/pose_bL_g6.webp,B 主角姿势图 pose_*,Image,1961,2034,2033,0,304,,,http/1.1,,no-cache,
assets/world/pose_bL_g7.webp,B 主角姿势图 pose_*,Image,1968,2047,2046,0,304,,,http/1.1,,no-cache,
assets/items/bouquet_atlas.webp,D 飞行物品/道具图集 items,Image,2014,2084,2084,0,304,,,http/1.1,,no-cache,
assets/items/milktea_atlas.webp,D 飞行物品/道具图集 items,Image,2015,2201,2091,0,304,,,http/1.1,,no-cache,
assets/items/ringbox_atlas.webp,D 飞行物品/道具图集 items,Image,2015,2200,2089,0,304,,,http/1.1,,no-cache,
assets/items/photo_atlas.webp,D 飞行物品/道具图集 items,Image,2016,2201,2103,0,304,,,http/1.1,,no-cache,
assets/items/hairpin_atlas.webp,D 飞行物品/道具图集 items,Image,2016,2201,2105,0,304,,,http/1.1,,no-cache,
assets/items/seed_atlas.webp,D 飞行物品/道具图集 items,Image,2016,2201,2160,0,304,,,http/1.1,,no-cache,
assets/items/banana_atlas.webp,D 飞行物品/道具图集 items,Image,2016,2201,2166,0,304,,,http/1.1,,no-cache,
assets/items/lipstick_atlas.webp,D 飞行物品/道具图集 items,Image,2016,2201,2173,0,304,,,http/1.1,,no-cache,
assets/items/pillow_atlas.webp,D 飞行物品/道具图集 items,Image,2016,2202,2176,0,304,,,http/1.1,,no-cache,
assets/items/gamepad_atlas.webp,D 飞行物品/道具图集 items,Image,2016,2202,2200,0,304,,,http/1.1,,no-cache,
assets/fx/petal_atlas.webp,D 命中粒子 fx,Image,2017,2346,2217,0,304,,,http/1.1,,no-cache,
assets/fx/feather_atlas.webp,D 命中粒子 fx,Image,2017,2347,2232,0,304,,,http/1.1,,no-cache,
assets/fx/debris_atlas.webp,D 命中粒子 fx,Image,2017,2347,2239,0,304,,,http/1.1,,no-cache,
assets/fx/star_atlas.webp,D 命中粒子 fx,Image,2017,2347,2246,0,304,,,http/1.1,,no-cache,
assets/fx/heart_atlas.webp,D 命中粒子 fx,Image,2018,2347,2249,0,304,,,http/1.1,,no-cache,
assets/fx/card_atlas.webp,D 命中粒子 fx,Image,2018,2347,2277,0,304,,,http/1.1,,no-cache,
assets/fx/pearl_atlas.webp,D 命中粒子 fx,Image,2018,2347,2283,0,304,,,http/1.1,,no-cache,
assets/items/durian_atlas.webp,D 飞行物品/道具图集 items,Image,2018,2347,2303,0,304,,,http/1.1,,no-cache,
assets/items/heel_atlas.webp,D 飞行物品/道具图集 items,Image,2019,2348,2313,0,304,,,http/1.1,,no-cache,
assets/items/heel_pink_atlas.webp,D 飞行物品/道具图集 items,Image,2019,2348,2316,0,304,,,http/1.1,,no-cache,
assets/items/heel_black_atlas.webp,D 飞行物品/道具图集 items,Image,2019,2348,2319,0,304,,,http/1.1,,no-cache,
assets/items/football_atlas.webp,D 飞行物品/道具图集 items,Image,2019,2423,2353,0,304,,,http/1.1,,no-cache,
assets/items/sock_atlas.webp,D 飞行物品/道具图集 items,Image,2019,2422,2350,0,304,,,http/1.1,,no-cache,
assets/world/v15/anim/anim.json,C 背景光效 fx/,Fetch,2033,2202,2124,0,200,,,http/1.1,gzip,no-cache,
assets/world/v15/fx/fx.json,C 背景光效 fx/,Fetch,2033,2202,2150,0,200,,,http/1.1,gzip,no-cache,
assets/trio/B1_surfer.webp,D 档3三人组 60 人,Image,2034,2423,2375,0,304,,,http/1.1,,no-cache,
assets/trio/G1_shades.webp,D 档3三人组 60 人,Image,2047,2423,2386,0,304,,,http/1.1,,no-cache,
assets/trio/B2_zhizunbao.webp,D 档3三人组 60 人,Image,2732,2808,2808,0,304,,,http/1.1,,no-cache,
assets/trio/G2_bulma.webp,D 档3三人组 60 人,Image,2732,2806,2806,0,304,,,http/1.1,,no-cache,
assets/trio/B3_beile.webp,D 档3三人组 60 人,Image,2732,2810,2810,0,304,,,http/1.1,,no-cache,
assets/world/v15/fx/fans.png,C 背景光效 fx/,Image,2733,2803,2803,0,304,,,http/1.1,,no-cache,
assets/world/v15/fx/gpu.png,C 背景光效 fx/,Image,2734,2809,2809,0,304,,,http/1.1,,no-cache,
assets/world/v15/fx/neon_off.png,C 背景光效 fx/,Image,2734,2807,2807,0,304,,,http/1.1,,no-cache,
assets/world/v15/fx/screen_off.png,C 背景光效 fx/,Image,2734,2872,2871,0,304,,,http/1.1,,no-cache,
assets/world/v15/fx/phone_body.png,C 背景光效 fx/,Image,2734,2882,2882,0,304,,,http/1.1,,no-cache,
assets/world/v15/fx/chat_mask.png,C 背景光效 fx/,Image,2734,2878,2878,0,304,,,http/1.1,,no-cache,
assets/world/v15/fx/scrL_mask.png,C 背景光效 fx/,Image,2734,2880,2880,0,304,,,http/1.1,,no-cache,
assets/world/v15/fx/scrL_pix.png,C 背景光效 fx/,Image,2735,2886,2886,0,304,,,http/1.1,,no-cache,
assets/world/v15/fx/scrR_mask.png,C 背景光效 fx/,Image,2735,2881,2881,0,304,,,http/1.1,,no-cache,
assets/world/v15/fx/scrR_pix.png,C 背景光效 fx/,Image,2735,2938,2938,0,304,,,http/1.1,,no-cache,
assets/world/v15/fx/flash_girl.png,C 背景光效 fx/,Image,2735,2949,2949,0,304,,,http/1.1,,no-cache,
assets/world/v15/fx/flash_living.png,C 背景光效 fx/,Image,2735,2953,2953,0,304,,,http/1.1,,no-cache,
assets/world/v15/fx/flash_boy.png,C 背景光效 fx/,Image,2735,2952,2952,0,304,,,http/1.1,,no-cache,
assets/world/v15/anim/fish.mp4,C 背景动区视频 mp4,Media,2736,2957,2957,0,206,,,http/1.1,,no-cache,
assets/world/v15/anim/balcony.mp4,C 背景动区视频 mp4,Media,2738,2963,2965,0,206,,,http/1.1,,no-cache,
assets/world/v15/anim/girl_window.mp4,C 背景动区视频 mp4,Media,2738,3006,3007,0,206,,,http/1.1,,no-cache,
assets/world/v15/anim/photo.mp4,C 背景动区视频 mp4,Media,2738,3020,3020,0,206,,,http/1.1,,no-cache,
assets/world/v15/anim/cat.mp4,C 背景动区视频 mp4,Media,2739,3024,3024,0,206,,,http/1.1,,no-cache,
assets/world/v15/anim/boy_window.mp4,C 背景动区视频 mp4,Media,2739,3025,3027,0,206,,,http/1.1,,no-cache,
assets/world/v15/anim/canopy.mp4,C 背景动区视频 mp4,Media,2740,3032,3033,0,206,,,http/1.1,,no-cache,
assets/trio/G3_sailor.webp,D 档3三人组 60 人,Image,2807,3042,3042,0,304,,,http/1.1,,no-cache,
assets/trio/B4_yagami.webp,D 档3三人组 60 人,Image,2808,3075,3075,0,304,,,http/1.1,,no-cache,
assets/trio/G11_gege.webp,D 档3三人组 60 人,Image,2810,3091,3091,0,304,,,http/1.1,,no-cache,
assets/world/trio_prop_ball.webp,D 档4 其他 world/*,Image,2810,3096,3096,0,304,,,http/1.1,,no-cache,
assets/trio/G11_tassel.webp,D 档3三人组 60 人,Image,2810,3098,3098,0,304,,,http/1.1,,no-cache,
assets/trio/B21_sakura.webp,D 档3三人组 60 人,Image,2953,3108,3107,0,304,,,http/1.1,,no-cache,
assets/trio/prop_basketball.webp,D 档3三人组 60 人,Image,2954,3119,3119,0,304,,,http/1.1,,no-cache,
assets/trio/G23_furong.webp,D 档3三人组 60 人,Image,3043,3141,3141,0,304,,,http/1.1,,no-cache,
assets/trio/B27_chef.webp,D 档3三人组 60 人,Image,3075,3161,3161,0,304,,,http/1.1,,no-cache,
assets/trio/prop_meatball.webp,D 档3三人组 60 人,Image,3076,3168,3168,0,304,,,http/1.1,,no-cache,
assets/trio/B27_skewer.webp,D 档3三人组 60 人,Image,3076,3169,3168,0,304,,,http/1.1,,no-cache,
assets/trio/G21_mai.webp,D 档3三人组 60 人,Image,3098,3181,3181,0,304,,,http/1.1,,no-cache,
assets/world/trio_prop_bra.webp,D 档4 其他 world/*,Image,3099,3196,3195,0,304,,,http/1.1,,no-cache,
assets/trio/B5_jkd.webp,D 档3三人组 60 人,Image,3119,3208,3207,0,304,,,http/1.1,,no-cache,
assets/trio/G22_explorer.webp,D 档3三人组 60 人,Image,3142,3231,3231,0,304,,,http/1.1,,no-cache,
assets/trio/G22_legs.webp,D 档3三人组 60 人,Image,3142,3239,3239,0,304,,,http/1.1,,no-cache,
assets/trio/B24_bboy.webp,D 档3三人组 60 人,Image,3169,3240,3240,0,304,,,http/1.1,,no-cache,
assets/trio/prop_cassette.webp,D 档3三人组 60 人,Image,3169,3255,3255,0,304,,,http/1.1,,no-cache,
assets/trio/G24_huafei.webp,D 档3三人组 60 人,Image,3196,3273,3272,0,304,,,http/1.1,,no-cache,
assets/world/trio_g24_nailguard.webp,D 档4 其他 world/*,Image,3196,3274,3274,0,304,,,http/1.1,,no-cache,
assets/trio/B25_coach.webp,D 档3三人组 60 人,Image,3208,3301,3301,0,304,,,http/1.1,,no-cache,
assets/trio/prop_dumbbell.webp,D 档3三人组 60 人,Image,3208,3312,3312,0,304,,,http/1.1,,no-cache,
assets/trio/G25_nurse.webp,D 档3三人组 60 人,Image,3239,3311,3311,0,304,,,http/1.1,,no-cache,
assets/world/trio_g25_syringe.webp,D 档4 其他 world/*,Image,3240,3328,3328,0,304,,,http/1.1,,no-cache,
assets/trio/prop_syringe.webp,D 档3三人组 60 人,Image,3240,3349,3348,0,304,,,http/1.1,,no-cache,
assets/trio/B30_smart.webp,D 档3三人组 60 人,Image,3255,3341,3341,0,304,,,http/1.1,,no-cache,
assets/trio/prop_comb.webp,D 档3三人组 60 人,Image,3256,3372,3372,0,304,,,http/1.1,,no-cache,
assets/trio/G30_snake.webp,D 档3三人组 60 人,Image,3275,3383,3383,0,304,,,http/1.1,,no-cache,
assets/trio/B22_goku.webp,D 档3三人组 60 人,Image,3312,3384,3383,0,304,,,http/1.1,,no-cache,
assets/trio/G26_shinobu.webp,D 档3三人组 60 人,Image,3349,3426,3425,0,304,,,http/1.1,,no-cache,
assets/trio/prop_butterfly.webp,D 档3三人组 60 人,Image,3349,3416,3416,0,304,,,http/1.1,,no-cache,
assets/trio/B11_mask.webp,D 档3三人组 60 人,Image,3372,3444,3444,0,304,,,http/1.1,,no-cache,
assets/world/trio_prop_rose.webp,D 档4 其他 world/*,Image,3373,3447,3447,0,304,,,http/1.1,,no-cache,
assets/trio/G27_shancai.webp,D 档3三人组 60 人,Image,3383,3454,3454,0,304,,,http/1.1,,no-cache,
assets/trio/prop_schoolbag.webp,D 档3三人组 60 人,Image,3384,3455,3455,0,304,,,http/1.1,,no-cache,
assets/trio/B23_zoro.webp,D 档3三人组 60 人,Image,3384,3482,3482,0,304,,,http/1.1,,no-cache,
assets/trio/G28_aerobics.webp,D 档3三人组 60 人,Image,3426,3503,3503,0,304,,,http/1.1,,no-cache,
assets/world/trio_g28_hoop.webp,D 档4 其他 world/*,Image,3426,3514,3514,0,304,,,http/1.1,,no-cache,
assets/trio/prop_hoop.webp,D 档3三人组 60 人,Image,3426,3522,3522,0,304,,,http/1.1,,no-cache,
assets/trio/B26_gamer.webp,D 档3三人组 60 人,Image,3447,3527,3527,0,304,,,http/1.1,,no-cache,
assets/trio/prop_mouse.webp,D 档3三人组 60 人,Image,3448,3526,3526,0,304,,,http/1.1,,no-cache,
assets/trio/G29_huangrong.webp,D 档3三人组 60 人,Image,3455,3549,3549,0,304,,,http/1.1,,no-cache,
assets/trio/G29_staff.webp,D 档3三人组 60 人,Image,3455,3580,3580,0,304,,,http/1.1,,no-cache,
assets/trio/B6_shanghai.webp,D 档3三人组 60 人,Image,3482,3584,3584,0,304,,,http/1.1,,no-cache,
assets/trio/prop_coin.webp,D 档3三人组 60 人,Image,3483,3597,3596,0,304,,,http/1.1,,no-cache,
assets/trio/G4_chunli.webp,D 档3三人组 60 人,Image,3522,3598,3597,0,304,,,http/1.1,,no-cache,
assets/trio/B7_f4.webp,D 档3三人组 60 人,Image,3528,3599,3599,0,304,,,http/1.1,,no-cache,
assets/trio/B7_redslip.webp,D 档3三人组 60 人,Image,3528,3616,3615,0,304,,,http/1.1,,no-cache,
assets/trio/G5_tong.webp,D 档3三人组 60 人,Image,3580,3658,3658,0,304,,,http/1.1,,no-cache,
assets/trio/prop_abacus.webp,D 档3三人组 60 人,Image,3580,3655,3654,0,304,,,http/1.1,,no-cache,
assets/trio/G5_abacus.webp,D 档3三人组 60 人,Image,3581,3671,3671,0,304,,,http/1.1,,no-cache,
assets/trio/B9_rider.webp,D 档3三人组 60 人,Image,3597,3669,3668,0,304,,,http/1.1,,no-cache,
assets/trio/prop_takeout.webp,D 档3三人组 60 人,Image,3597,3670,3669,0,304,,,http/1.1,,no-cache,
assets/trio/G6_misae.webp,D 档3三人组 60 人,Image,3598,3683,3683,0,304,,,http/1.1,,no-cache,
assets/trio/prop_pan.webp,D 档3三人组 60 人,Image,3598,3726,3726,0,304,,,http/1.1,,no-cache,
assets/trio/B8_logger.webp,D 档3三人组 60 人,Image,3616,3735,3735,0,304,,,http/1.1,,no-cache,
assets/trio/prop_pinecone.webp,D 档3三人组 60 人,Image,3616,3755,3755,0,304,,,http/1.1,,no-cache,
assets/trio/G7_yor.webp,D 档3三人组 60 人,Image,3670,3757,3757,0,304,,,http/1.1,,no-cache,
assets/world/trio_g7_knife.webp,D 档4 其他 world/*,Image,3670,3756,3756,0,304,,,http/1.1,,no-cache,
assets/trio/B10_mahjong.webp,D 档3三人组 60 人,Image,3671,3758,3757,0,304,,,http/1.1,,no-cache,
assets/trio/prop_mahjong.webp,D 档3三人组 60 人,Image,3671,3797,3796,0,304,,,http/1.1,,no-cache,
assets/trio/G8_elsa.webp,D 档3三人组 60 人,Image,3726,3812,3812,0,304,,,http/1.1,,no-cache,
assets/world/trio_g8_icicle.webp,D 档4 其他 world/*,Image,3726,3828,3828,0,304,,,http/1.1,,no-cache,
assets/trio/G8_snowflake.webp,D 档3三人组 60 人,Image,3727,3828,3828,0,304,,,http/1.1,,no-cache,
assets/trio/B13_sword.webp,D 档3三人组 60 人,Image,3755,3825,3825,0,304,,,http/1.1,,no-cache,
assets/trio/B13_sword_ride.webp,D 档3三人组 60 人,Image,3755,3831,3831,0,304,,,http/1.1,,no-cache,
assets/trio/B13_sword_fly.webp,D 档3三人组 60 人,Image,3755,3867,3867,0,304,,,http/1.1,,no-cache,
assets/trio/G9_auntie.webp,D 档3三人组 60 人,Image,3757,3890,3890,0,304,,,http/1.1,,no-cache,
assets/trio/B14_miner.webp,D 档3三人组 60 人,Image,3797,3892,3891,0,304,,,http/1.1,,no-cache,
assets/trio/prop_dirtblock.webp,D 档3三人组 60 人,Image,3797,3901,3901,0,304,,,http/1.1,,no-cache,
assets/trio/B14_wall.webp,D 档3三人组 60 人,Image,3797,3900,3900,0,304,,,http/1.1,,no-cache,
assets/trio/G10_harley.webp,D 档3三人组 60 人,Image,3829,3905,3904,0,304,,,http/1.1,,no-cache,
assets/trio/prop_bat_v2.webp,D 档3三人组 60 人,Image,3829,3938,3938,0,304,,,http/1.1,,no-cache,
assets/trio/G10_bat.webp,D 档3三人组 60 人,Image,3829,3967,3967,0,304,,,http/1.1,,no-cache,
assets/trio/B15_gojo.webp,D 档3三人组 60 人,Image,3867,3958,3958,0,304,,,http/1.1,,no-cache,
assets/trio/B15_orb.webp,D 档3三人组 60 人,Image,3868,3972,3971,0,304,,,http/1.1,,no-cache,
assets/trio/G15_rose.webp,D 档3三人组 60 人,Image,3890,3972,3972,0,304,,,http/1.1,,no-cache,
assets/trio/prop_necklace.webp,D 档3三人组 60 人,Image,3891,3978,3978,0,304,,,http/1.1,,no-cache,
assets/trio/B16_gold.webp,D 档3三人组 60 人,Image,3901,4009,4009,0,304,,,http/1.1,,no-cache,
assets/trio/B16_ledge.webp,D 档3三人组 60 人,Image,3902,4026,4025,0,304,,,http/1.1,,no-cache,
assets/trio/G18_mu.webp,D 档3三人组 60 人,Image,3967,4045,4044,0,304,,,http/1.1,,no-cache,
assets/trio/prop_spear.webp,D 档3三人组 60 人,Image,3967,4043,4043,0,304,,,http/1.1,,no-cache,
assets/trio/G18_ledge.webp,D 档3三人组 60 人,Image,3968,4044,4044,0,304,,,http/1.1,,no-cache,
assets/trio/G18_flags.webp,D 档3三人组 60 人,Image,3968,4052,4052,0,304,,,http/1.1,,no-cache,
assets/trio/G18_feathers.webp,D 档3三人组 60 人,Image,3968,4081,4081,0,304,,,http/1.1,,no-cache,
assets/trio/B17_wolf.webp,D 档3三人组 60 人,Image,3972,4093,4093,0,304,,,http/1.1,,no-cache,
assets/trio/B17_net.webp,D 档3三人组 60 人,Image,3972,4116,4116,0,304,,,http/1.1,,no-cache,
assets/trio/G13_xiaolongnv.webp,D 档3三人组 60 人,Image,3979,4121,4121,0,304,,,http/1.1,,no-cache,
assets/trio/G13_peg.webp,D 档3三人组 60 人,Image,3979,4119,4118,0,304,,,http/1.1,,no-cache,
assets/trio/B19_ultra.webp,D 档3三人组 60 人,Image,4026,4126,4126,0,304,,,http/1.1,,no-cache,
assets/trio/G14_shera.webp,D 档3三人组 60 人,Image,4082,4281,4280,0,304,,,http/1.1,,no-cache,
assets/trio/G14_ledge.webp,D 档3三人组 60 人,Image,4082,4284,4284,0,304,,,http/1.1,,no-cache,
assets/trio/B20_monk.webp,D 档3三人组 60 人,Image,4116,4279,4278,0,304,,,http/1.1,,no-cache,
assets/trio/G16_daji.webp,D 档3三人组 60 人,Image,4121,4280,4279,0,304,,,http/1.1,,no-cache,
assets/world/trio_g16_foxfire.webp,D 档4 其他 world/*,Image,4121,4276,4275,0,304,,,http/1.1,,no-cache,
assets/trio/B18_tangbohu.webp,D 档3三人组 60 人,Image,4126,4278,4278,0,304,,,http/1.1,,no-cache,
assets/trio/prop_fan.webp,D 档3三人组 60 人,Image,4126,4343,4342,0,304,,,http/1.1,,no-cache,
assets/trio/B18_wall.webp,D 档3三人组 60 人,Image,4127,4350,4350,0,304,,,http/1.1,,no-cache,
assets/trio/B18_fan.webp,D 档3三人组 60 人,Image,4127,4470,4470,0,304,,,http/1.1,,no-cache,
assets/trio/G20_teresa.webp,D 档3三人组 60 人,Image,4279,4475,4475,0,304,,,http/1.1,,no-cache,
assets/world/trio_g20_crescent.webp,D 档4 其他 world/*,Image,4279,4479,4479,0,304,,,http/1.1,,no-cache,
assets/trio/G20_moon.webp,D 档3三人组 60 人,Image,4279,4478,4478,0,304,,,http/1.1,,no-cache,
assets/trio/B28_pig.webp,D 档3三人组 60 人,Image,4280,4477,4476,0,304,,,http/1.1,,no-cache,
assets/trio/prop_watermelon.webp,D 档3三人组 60 人,Image,4280,4476,4475,0,304,,,http/1.1,,no-cache,
assets/trio/G19_streamer.webp,D 档3三人组 60 人,Image,4284,4537,4536,0,304,,,http/1.1,,no-cache,
assets/trio/prop_rocket.webp,D 档3三人组 60 人,Image,4285,4546,4546,0,304,,,http/1.1,,no-cache,
assets/trio/G19_drone.webp,D 档3三人组 60 人,Image,4285,4549,4549,0,304,,,http/1.1,,no-cache,
assets/trio/B29_crutch.webp,D 档3三人组 60 人,Image,4471,4547,4547,0,304,,,http/1.1,,no-cache,
assets/trio/prop_crutch.webp,D 档3三人组 60 人,Image,4471,4552,4552,0,304,,,http/1.1,,no-cache,
assets/trio/G17_mitsuri.webp,D 档3三人组 60 人,Image,4477,4560,4554,0,304,,,http/1.1,,no-cache,
assets/trio/B12_straw.webp,D 档3三人组 60 人,Image,4479,4603,4603,0,304,,,http/1.1,,no-cache,
assets/trio/G12_fairy.webp,D 档3三人组 60 人,Image,4549,4621,4620,0,304,,,http/1.1,,no-cache,
assets/world/baisu1_up.webp,D 档4 其他 world/*,Image,4552,4627,4626,0,304,,,http/1.1,,no-cache,
assets/world/truth2_up.webp,D 档4 其他 world/*,Image,4553,4624,4624,0,304,,,http/1.1,,no-cache,
assets/world/change1_up.webp,D 档4 其他 world/*,Image,4553,4631,4631,0,304,,,http/1.1,,no-cache,
assets/world/sea_shrimp1.webp,D 档4 其他 world/*,Image,4554,4626,4626,0,304,,,http/1.1,,no-cache,
assets/world/sea_shrimp2.webp,D 档4 其他 world/*,Image,4554,4776,4776,0,304,,,http/1.1,,no-cache,
assets/world/sea_crab1.webp,D 档4 其他 world/*,Image,4555,4773,4773,0,304,,,http/1.1,,no-cache,
assets/world/sea_crab2.webp,D 档4 其他 world/*,Image,4555,4769,4769,0,304,,,http/1.1,,no-cache,
assets/world/tide_truth_magnifier.webp,D 档4 其他 world/*,Image,4555,4770,4770,0,304,,,http/1.1,,no-cache,
assets/world/tide_truth_phone.webp,D 档4 其他 world/*,Image,4556,4771,4771,0,304,,,http/1.1,,no-cache,
assets/world/tide_truth_bubble.webp,D 档4 其他 world/*,Image,4556,4768,4768,0,304,,,http/1.1,,no-cache,
assets/world/tide_truth_camera.webp,D 档4 其他 world/*,Image,4556,4839,4839,0,304,,,http/1.1,,no-cache,
assets/world/moonsky_galaxy.webp,D 档4 其他 world/*,Image,4556,4836,4836,0,304,,,http/1.1,,no-cache,
assets/world/moonsky_moon.webp,D 档4 其他 world/*,Image,4557,4842,4842,0,304,,,http/1.1,,no-cache,
assets/world/moonsky_rabbit1.webp,D 档4 其他 world/*,Image,4557,4841,4841,0,304,,,http/1.1,,no-cache,
assets/world/moonsky_rabbit2.webp,D 档4 其他 world/*,Image,4558,4847,4847,0,304,,,http/1.1,,no-cache,
assets/world/moonsky_rabbit3.webp,D 档4 其他 world/*,Image,4558,4854,4854,0,304,,,http/1.1,,no-cache,
assets/world/moonsky_rabbit4.webp,D 档4 其他 world/*,Image,4558,4904,4903,0,304,,,http/1.1,,no-cache,
assets/fx/jet.webp,D 命中粒子 fx,Image,4558,4910,4910,0,304,,,http/1.1,,no-cache,
assets/world/sea2_far.webp,D 档4 其他 world/*,Image,4559,4911,4912,0,200,,,http/1.1,,no-cache,
assets/world/sea2_mid.webp,D 档4 其他 world/*,Image,4559,4988,4985,0,200,,,http/1.1,,no-cache,
assets/world/sea2_near.webp,D 档4 其他 world/*,Image,4559,4987,4984,0,200,,,http/1.1,,no-cache,
assets/world/tide_truth_far.webp,D 档4 其他 world/*,Image,4559,4979,4979,0,200,,,http/1.1,,no-cache,
assets/world/tide_truth_mid.webp,D 档4 其他 world/*,Image,4559,5008,4990,0,200,,,http/1.1,,no-cache,
assets/world/tide_truth_near.webp,D 档4 其他 world/*,Image,4559,4988,4986,0,200,,,http/1.1,,no-cache,
assets/world/fahai1_up.webp,D 档4 其他 world/*,Image,4560,4988,4983,0,304,,,http/1.1,,no-cache,
assets/world/demon1_up.webp,D 档4 其他 world/*,Image,4561,5056,5046,0,304,,,http/1.1,,no-cache,
assets/world/houyi2_arm.webp,D 档4 其他 world/*,Image,4561,5056,5055,0,304,,,http/1.1,,no-cache,
assets/world/houyi2_up.webp,D 档4 其他 world/*,Image,4561,5071,5060,0,304,,,http/1.1,,no-cache,
assets/world/sister1_up.webp,D 档4 其他 world/*,Image,4561,5058,5057,0,304,,,http/1.1,,no-cache,
assets/world/scroll_monk.webp,D 档4 其他 world/*,Image,4562,5057,5055,0,304,,,http/1.1,,no-cache,
assets/world/scroll_qilin.webp,D 档4 其他 world/*,Image,4562,5268,5267,0,304,,,http/1.1,,no-cache,
assets/world/scroll_lion.webp,D 档4 其他 world/*,Image,4562,5265,5265,0,304,,,http/1.1,,no-cache,
assets/world/scroll_elephant.webp,D 档4 其他 world/*,Image,4562,5264,5264,0,304,,,http/1.1,,no-cache,
assets/world/tide_demon_imp.webp,D 档4 其他 world/*,Image,4562,5265,5264,0,304,,,http/1.1,,no-cache,
assets/world/tide_demon_bin.webp,D 档4 其他 world/*,Image,4563,5261,5261,0,304,,,http/1.1,,no-cache,
assets/world/tide_demon_shredder.webp,D 档4 其他 world/*,Image,4563,5270,5270,0,304,,,http/1.1,,no-cache,
assets/world/tide_demon_eraser.webp,D 档4 其他 world/*,Image,4563,5329,5329,0,304,,,http/1.1,,no-cache,
assets/world/sunsky_fire.webp,D 档4 其他 world/*,Image,4563,5335,5334,0,304,,,http/1.1,,no-cache,
assets/world/sunsky_sun.webp,D 档4 其他 world/*,Image,4563,5338,5338,0,304,,,http/1.1,,no-cache,
assets/world/tide_sun_crow1.webp,D 档4 其他 world/*,Image,4564,5336,5336,0,304,,,http/1.1,,no-cache,
assets/world/tide_sun_crow2.webp,D 档4 其他 world/*,Image,4564,5341,5341,0,304,,,http/1.1,,no-cache,
assets/world/tide_sun_crow3.webp,D 档4 其他 world/*,Image,4564,5347,5347,0,304,,,http/1.1,,no-cache,
assets/world/tide_sun_crow4.webp,D 档4 其他 world/*,Image,4564,5396,5396,0,304,,,http/1.1,,no-cache,
assets/world/tide_tea_lotus.webp,D 档4 其他 world/*,Image,4564,5405,5405,0,304,,,http/1.1,,no-cache,
assets/world/tide_tea_cup.webp,D 档4 其他 world/*,Image,4565,5406,5406,0,304,,,http/1.1,,no-cache,
assets/world/tide_tea_bunny.webp,D 档4 其他 world/*,Image,4565,5409,5409,0,304,,,http/1.1,,no-cache,
assets/world/tide_tea_heart.webp,D 档4 其他 world/*,Image,4565,5414,5414,0,304,,,http/1.1,,no-cache,
assets/world/scroll_far.webp,D 档4 其他 world/*,Image,4565,5424,5424,0,200,,,http/1.1,,no-cache,
assets/world/scroll_mid.webp,D 档4 其他 world/*,Image,4565,5462,5462,0,200,,,http/1.1,,no-cache,
assets/world/scroll_near.webp,D 档4 其他 world/*,Image,4566,5476,5578,0,200,,,http/1.1,,no-cache,
assets/world/scroll_deep1.webp,D 档4 其他 world/*,Image,4566,5476,5578,0,200,,,http/1.1,,no-cache,
assets/world/scroll_deep2.webp,D 档4 其他 world/*,Image,4566,5481,5578,0,200,,,http/1.1,,no-cache,
assets/world/tide_demon_far.webp,D 档4 其他 world/*,Image,4566,5489,5579,0,200,,,http/1.1,,no-cache,
assets/world/tide_demon_mid.webp,D 档4 其他 world/*,Image,4566,5501,5579,0,200,,,http/1.1,,no-cache,
assets/world/tide_demon_near.webp,D 档4 其他 world/*,Image,4566,5655,5738,0,200,,,http/1.1,,no-cache,
assets/world/tide_tea_far.webp,D 档4 其他 world/*,Image,4567,5653,5737,0,200,,,http/1.1,,no-cache,
assets/world/tide_tea_mid.webp,D 档4 其他 world/*,Image,4567,5815,5815,0,200,,,http/1.1,,no-cache,
assets/world/tide_tea_near.webp,D 档4 其他 world/*,Image,4567,5813,5815,0,200,,,http/1.1,,no-cache,
assets/ui/win_a1.webp,D 结算图 win_*,Image,4603,5810,5810,0,304,,,http/1.1,,no-cache,
assets/ui/win_a2.webp,D 结算图 win_*,Image,4604,5809,5809,0,304,,,http/1.1,,no-cache,
assets/ui/win_b1.webp,D 结算图 win_*,Image,4604,5811,5811,0,304,,,http/1.1,,no-cache,
assets/ui/win_b2.webp,D 结算图 win_*,Image,4604,5806,5806,0,304,,,http/1.1,,no-cache,
assets/video/truth_intro_alpha.webm,D 档4出场视频 webm,Media,4621,,4622,0,,net::ERR_ABORTED,,,,,
assets/video/truth_intro_alpha.webm,D 档4出场视频 webm,Media,4622,5882,5890,0,206,,,http/1.1,,no-cache,
assets/video/baisu_intro_alpha.webm,D 档4出场视频 webm,Media,5933,,5934,0,,net::ERR_ABORTED,,,,,
assets/video/baisu_intro_alpha.webm,D 档4出场视频 webm,Media,5935,6016,6030,0,206,,,http/1.1,,no-cache,
assets/video/change_intro_alpha.webm,D 档4出场视频 webm,Media,6073,,6074,0,,net::ERR_ABORTED,,,,,
assets/video/change_intro_alpha.webm,D 档4出场视频 webm,Media,6075,6153,6161,0,206,,,http/1.1,,no-cache,
assets/video/sister_intro_alpha.webm,D 档4出场视频 webm,Media,6187,,6188,0,,net::ERR_ABORTED,,,,,
assets/video/sister_intro_alpha.webm,D 档4出场视频 webm,Media,6188,6264,6270,0,206,,,http/1.1,,no-cache,
assets/world/v15/anim/fish.mp4,C 背景动区视频 mp4,Media,8287,8360,8360,0,206,,,http/1.1,,no-cache,
assets/world/v15/anim/balcony.mp4,C 背景动区视频 mp4,Media,8287,8373,8367,0,206,,,http/1.1,,no-cache,
